"","o.id","o.surv","e.surv","cov"
"1","BMJ",1.34336908595377,1,1
"2","BMJ",1.3756335226087,1,1
"3","BMJ",0.00220001362519739,1,0
"4","BMJ",0.17372901542306,1,1
"5","BMJ",0.257171628304803,1,0
"6","BMJ",0.428554656110274,1,1
"7","BMJ",0.834622054819946,0,1
"8","BMJ",0.190136533530174,1,1
"9","BMJ",0.208112123597967,1,1
"10","BMJ",1.66910690494555,1,1
"11","BMJ",0.152741853406773,1,1
"12","BMJ",0.01232696408401,1,0
"13","BMJ",0.0675637967700256,1,0
"14","BMJ",0.329349706948742,1,1
"15","BMJ",0.583129308514451,1,1
"16","BMJ",0.0310927600381582,0,0
"17","BMJ",0.200202796351296,1,1
"18","BMJ",0.0277164873231501,1,0
"19","BMJ",0.00671923420620746,1,0
"20","BMJ",0.0390085790738206,1,0
"21","BMJ",0.149908875168934,0,0
"22","BMJ",0.0242752494046641,1,0
"23","BMJ",0.0782388180425742,1,1
"24","BMJ",0.261201488931309,1,1
"25","BMJ",0.0432747198873904,1,0
"26","BMJ",0.403085744375488,1,1
"27","BMJ",0.078311576374289,1,0
"28","BMJ",0.0461300056031868,1,0
"29","BMJ",0.00864022817404675,1,0
"30","BMJ",0.804118732279589,1,1
"31","BMJ",0.0151520113999015,1,0
"32","BMJ",0.0309786218739512,1,0
"33","BMJ",0.0821108823344592,1,1
"34","BMJ",0.0945799705673764,1,0
"35","BMJ",0.627887474734479,1,1
"36","BMJ",0.00791250693476919,1,0
"37","BMJ",0.185993074820116,1,1
"38","BMJ",0.0481653127835158,1,0
"39","BMJ",0.0382251621253613,1,0
"40","BMJ",0.00614324796041865,1,0
"41","BMJ",0.75321724272135,1,1
"42","BMJ",0.598303364612765,0,1
"43","BMJ",0.00320572288886489,1,0
"44","BMJ",0.581120519515151,1,1
"45","BMJ",0.404871759429941,1,1
"46","BMJ",0.017666020515468,1,0
"47","BMJ",0.505852622753617,1,1
"48","BMJ",0.0109215781289635,1,0
"49","BMJ",0.0280595546681648,1,0
"50","BMJ",1.11152643331364,1,1
"51","BMJ",0.033857736393023,1,0
"52","BMJ",0.169285329648823,1,1
"53","BMJ",0.110560401668828,1,0
"54","CAL1",0.0105992395323018,1,0
"55","CAL1",0.0528298367241304,1,0
"56","CAL1",0.079048807198959,1,0
"57","CAL1",0.000333279225115835,1,0
"58","CAL1",0.18346176720059,1,1
"59","CAL1",0.463025081405657,1,1
"60","CAL1",0.75560790022766,1,1
"61","CAL1",0.569701075913588,1,1
"62","CAL1",0.0861139209634199,1,0
"63","CAL1",0.0190390488071124,1,0
"64","CAL1",0.511606285247613,1,1
"65","CAL1",0.274275598185317,1,1
"66","CAL1",0.781326207857534,1,1
"67","CAL1",0.0867633491106621,1,0
"68","CAL1",0.00527500787996549,1,0
"69","CAL1",0.995969894706483,1,1
"70","CAL1",0.450230956986389,1,1
"71","CAL1",0.0160008716985092,1,0
"72","CAL1",0.0771092472495019,0,0
"73","CAL1",0.0433420676452412,1,0
"74","CAL1",1.1385736920512,0,1
"75","CAL1",0.247766054808881,1,1
"76","CAL1",0.402540986606973,1,1
"77","CAL1",0.567238915963802,1,1
"78","CAL1",0.10770197877865,1,0
"79","CAL1",0.207319695068797,1,0
"80","CAL1",0.0771960862540397,1,0
"81","CAL1",0.0459553708407792,1,0
"82","CAL1",0.600872560024464,1,1
"83","CAL1",0.000613943630096259,1,0
"84","CAL1",0.211266436677757,1,0
"85","CAL1",1.20366884020067,1,1
"86","CAL1",0.255687545643575,1,1
"87","CAL1",0.127887044468777,1,0
"88","CAL1",0.039164656426244,1,0
"89","CAL1",0.16704403045948,1,0
"90","CAL1",0.27415388289269,1,1
"91","CAL1",0.0733956483631906,1,0
"92","CAL1",0.796669364533598,1,1
"93","CAL1",0.00633416075575544,1,0
"94","CAL1",0.238165960927796,1,0
"95","CAL1",0.500376684522891,1,1
"96","CAL1",0.018567115420568,1,1
"97","CAL1",0.0656657330910104,1,0
"98","CAL1",0.00607054981423061,1,0
"99","CAL1",1.11014495620392,1,1
"100","CAL1",0.65650086449966,1,1
"101","CAL1",0.402538337218058,1,1
"102","CAL1",1.19815044152466,1,1
"103","CAL1",0.110734100893157,1,1
"104","CAL1",0.519744007934924,1,1
"105","CAL1",0.00836093085120715,1,1
"106","CAL1",0.454159417039312,1,1
"107","CAL1",0.068115238007739,1,1
"108","CAL1",0.269987136195071,1,0
"109","CAL1",0.116390445717492,1,0
"110","CAL1",0.568663542586286,1,1
"111","CAL1",0.0367160792998719,0,0
"112","CAL1",0.0458546758364911,1,0
"113","CAL1",0.210021801589688,1,1
"114","CAL1",0.00345423399468792,1,0
"115","CAL1",0.435047067156117,1,1
"116","CAL1",1.01506379124824,1,1
"117","CAL1",0.319060791512962,1,1
"118","CAL1",0.000593458419359205,1,0
"119","CAL1",0.164208073158485,1,0
"120","CAL1",0.0759126303627449,1,1
"121","CAL1",0.0779728123948573,1,0
"122","CAL1",0.4617551147263,1,1
"123","CAL1",0.121957295977646,1,0
"124","CAL1",0.0745510016378657,1,0
"125","CAL1",0.0230542263821354,0,0
"126","CAL1",0.030738127474295,1,0
"127","CAL1",0.792946623055552,1,1
"128","CAL1",0.00787329492905164,1,0
"129","CAL1",0.629906824753367,1,1
"130","CAL1",0.0546945583052574,1,1
"131","CAL1",0.0500815272375219,1,0
"132","CAL1",0.040469547031359,1,0
"133","CAL1",0.0220836613216648,1,0
"134","CAL1",0.832166321335366,1,1
"135","CAL1",0.0844158137861859,1,0
"136","CAL1",0.100089261463547,1,1
"137","CAL1",0.673933085757862,0,1
"138","CAL1",0.109798289374409,1,1
"139","CAL1",0.00395711189144587,1,0
"140","CAL1",0.0917935413013318,1,0
"141","CAL1",0.118452185666562,1,1
"142","DFH",1.76517553410611,1,1
"143","DFH",0.529408282514773,1,1
"144","DFH",0.509988115538652,0,1
"145","DFH",0.0982412048364745,1,1
"146","DFH",0.0681847563658118,1,0
"147","DFH",0.258147001110126,1,0
"148","DFH",1.2592183245007,1,1
"149","DFH",0.0446728483999683,1,1
"150","DFH",1.7596090333448,1,1
"151","DFH",0.0177454539580679,1,0
"152","DFH",1.66821010105128,1,1
"153","DFH",0.819333800970885,1,1
"154","DFH",0.370188215424995,0,1
"155","DFH",0.579232667249477,1,1
"156","DFH",0.540842430202831,1,1
"157","DFH",0.0963072007954944,1,0
"158","DFH",0.0694390545266084,1,0
"159","DFH",1.16027038153287,1,1
"160","DFH",0.198974998610752,1,0
"161","DFH",1.91475947159976,1,1
"162","DFH",0.0814091292279655,0,0
"163","DFH",0.415290772233495,0,1
"164","DFH",0.289752373894031,1,0
"165","DFH",0.0355071940398224,1,1
"166","DFH",0.0311941829307232,1,0
"167","DFH",0.00282561343001708,1,0
"168","DFH",0.524726327772137,0,1
"169","DFH",0.0848122828178257,1,0
"170","DFH",0.128555009320603,0,0
"171","DFH",1.15789102938371,1,1
"172","DFH",1.2665447849161,1,1
"173","DFH",0.0835801561303016,1,0
"174","DFH",0.0813474717646336,0,0
"175","DFH",0.276297371420046,1,1
"176","DFH",0.015268286842101,1,1
"177","DFH",0.0110347963756239,1,0
"178","DFH",0.0297454126518915,1,1
"179","DFH",0.739730641332023,1,1
"180","DFH",1.46644980791467,1,1
"181","DFH",0.0216343590003802,1,0
"182","DFH",0.712385498636936,1,1
"183","DFH",1.09220608456893,1,1
"184","DFH",0.802514737635206,1,1
"185","DFH",0.055808947214091,1,0
"186","DFH",0.059812264170827,1,0
"187","DFH",0.0190908992774397,1,0
"188","DFH",0.0564391244925948,1,0
"189","DFH",0.000301686808251711,1,1
"190","DFH",1.56656143693109,1,1
"191","DFH",1.11418415397475,1,1
"192","DOU",0.625765143209167,0,0
"193","DOU",0.293826288766802,0,0
"194","DOU",0.0793053075069999,0,0
"195","DOU",1e-05,1,1
"196","DOU",0.0970869149927025,1,0
"197","DOU",0.336194159129549,1,0
"198","DOU",0.3924705099293,1,0
"199","DOU",1e-05,1,1
"200","DOU",0.154088551160585,1,0
"201","DOU",1e-05,1,1
"202","DOU",1e-05,1,1
"203","DOU",1e-05,1,1
"204","DOU",0.175255489153945,1,0
"205","DOU",0.490260129469773,0,0
"206","DOU",0.122997279566864,0,0
"207","DOU",1e-05,1,1
"208","DOU",1e-05,1,1
"209","DOU",0.0205939704207607,1,0
"210","DOU",0.152204952725818,0,0
"211","DOU",0.173721518415868,1,0
"212","DOU",0.0440861609392826,1,0
"213","DOU",0.0991485113654457,0,0
"214","DOU",0.242678929308652,1,0
"215","DOU",1e-05,1,1
"216","DOU",1e-05,1,1
"217","DOU",1e-05,1,1
"218","DOU",0.427646969732865,0,0
"219","DOU",1e-05,1,1
"220","DOU",0.202961718542266,1,0
"221","DOU",0.374501160711575,1,0
"222","DOU",0.0851682044411845,0,0
"223","DOU",0.0320655221215393,1,0
"224","DOU",0.123778848575986,0,0
"225","DOU",1e-05,1,1
"226","DOU",1e-05,1,1
"227","DOU",0.179879362902521,1,0
"228","DOU",0.155944911436973,0,0
"229","DOU",1e-05,1,1
"230","DOU",1e-05,1,1
"231","DOU",0.303887228766401,1,0
"232","DOU",0.0251728113649872,1,0
"233","DOU",1e-05,1,1
"234","DOU",1e-05,1,1
"235","DOU",0.0448591195437582,1,0
"236","DOU",0.50641104138449,1,0
"237","DOU",0.676546764446877,1,0
"238","DOU",0.165860153431726,0,0
"239","DOU",0.0505805780954549,1,0
"240","DOU",0.061961245018491,1,0
"241","DOU",0.183926461287327,0,0
"242","DOU",0.141426765009143,0,0
"243","DOU",0.0883193436096035,1,0
"244","DOU",0.214217356634611,0,0
"245","DOU",1e-05,1,1
"246","DOU",0.00669746301425622,1,0
"247","DOU",1e-05,1,1
"248","DOU",1e-05,1,1
"249","DOU",0.14971514764445,1,0
"250","DOU",0.133838691137522,0,0
"251","DOU",0.376505208552713,0,0
"252","DOU",0.120983934080272,0,0
"253","DOU",0.0474270600395692,1,0
"254","DOU",0.245225511504512,0,0
"255","DOU",0.284788761159116,0,0
"256","DOU",0.0771956182242586,0,0
"257","DOU",0.160540550603888,0,0
"258","DOU",1e-05,1,1
"259","DOU",0.193330097893831,0,0
"260","DOU",1e-05,1,1
"261","DOU",1e-05,1,1
"262","DOU",0.501294161437897,1,0
"263","DOU",0.209355573666871,0,0
"264","DOU",0.292709755045193,0,0
"265","DOU",1e-05,1,1
"266","DOU",1e-05,1,1
"267","DOU",0.100730921032319,0,0
"268","DOU",0.0952950551545826,1,0
"269","DOU",0.234069365301712,0,0
"270","DOU",0.013935080085451,1,0
"271","DOU",1e-05,1,1
"272","DOU",0.056893306663157,1,0
"273","DOU",1e-05,1,1
"274","DOU",0.191943029319823,1,0
"275","EASS",0.0557886731966375,1,0
"276","EASS",0.28007477703202,1,0
"277","EASS",0.043460638184494,0,0
"278","EASS",1.57676825251399,1,1
"279","EASS",1.75350586174589,1,1
"280","EASS",0.10803066348317,1,0
"281","EASS",0.27943699424715,0,0
"282","EASS",0.203582126455534,1,0
"283","EASS",0.204202022944407,1,0
"284","EASS",1.99917854090413,1,1
"285","EASS",0.883880549759584,0,1
"286","EASS",0.783679670098302,0,1
"287","EASS",0.0488448490955367,1,0
"288","EASS",0.325612568848797,1,0
"289","EASS",0.43897699720548,1,1
"290","EASS",1.99726677880626,1,1
"291","EASS",0.567964726869586,1,1
"292","EASS",1.70894436915878,1,1
"293","EASS",1.43166346200441,0,1
"294","EASS",0.22841653059509,1,0
"295","EASS",1.97713125340329,1,1
"296","EASS",0.838274320549192,1,1
"297","EASS",0.164380822346129,1,0
"298","EASS",0.229431941322571,1,0
"299","EASS",0.51043097182578,0,1
"300","EASS",0.0313856737743183,1,0
"301","EASS",0.0427640152590861,0,0
"302","EASS",0.0673677387215344,0,0
"303","EASS",0.0532253724098306,1,0
"304","EASS",1.58709112737907,1,1
"305","EASS",1.68585348820289,1,1
"306","EASS",1.84756610226904,1,1
"307","EASS",0.0689894565989426,1,0
"308","EASS",0.601557817793819,1,1
"309","EASS",0.386974293864441,0,0
"310","EASS",1.92300020704931,1,1
"311","EASS",0.212159857706095,1,0
"312","EASS",0.284138675203955,1,0
"313","EASS",0.342787063207686,0,0
"314","EASS",0.0882166522322443,0,0
"315","EASS",1.97997610003178,1,1
"316","EASS",0.118253365181515,1,0
"317","EASS",0.114332294585644,1,0
"318","EASS",0.129089461505186,1,1
"319","EASS",0.130116411845831,0,0
"320","EASS",1.96662809265975,1,1
"321","EASS",0.183460379939165,0,0
"322","EASS",0.991380533652764,1,1
"323","EASS",0.122321321800071,0,0
"324","EASS",1.79306798242939,1,1
"325","EASS",0.501175142726804,1,0
"326","EASS",0.0143667389246065,1,0
"327","EASS",0.0816916522572245,0,0
"328","EASS",0.75206400308069,0,1
"329","EASS",0.0100846160865369,1,0
"330","EASS",1.15646830433539,1,1
"331","EASS",0.974859100444711,0,1
"332","EASS",0.106647001730207,1,0
"333","EASS",1.10458939492548,0,1
"334","EASS",1.98589996576656,1,1
"335","EASS",0.251101209465027,0,0
"336","EASS",0.226665790970346,0,0
"337","EASS",1.395532329327,0,1
"338","EASS",1.25258091479948,1,1
"339","EASS",0.223315146638907,1,0
"340","EASS",0.127870076969431,0,0
"341","EASS",0.111191469551926,1,0
"342","EASS",0.0257340470494039,1,0
"343","EASS",1.86982544828435,1,1
"344","EASS",0.457169542253482,1,0
"345","EASS",0.0473183145375955,1,0
"346","EASS",0.349848526537516,0,0
"347","EEE",1.78152655662418,1,1
"348","EEE",1.99999992081309,1,1
"349","EEE",1.4520696663416,1,1
"350","EEE",0.163696773993339,1,0
"351","EEE",0.137043812090937,1,0
"352","EEE",0.699664504452039,0,1
"353","EEE",1.38006519084964,1,1
"354","EEE",0.643472356969973,1,0
"355","EEE",1.99605129910258,1,1
"356","EEE",0.273522643280886,1,0
"357","EEE",0.0522526748443042,1,0
"358","EEE",1.98940013770772,1,1
"359","EEE",0.447672086833983,0,1
"360","EEE",0.647764762185019,0,0
"361","EEE",0.3485448939748,1,0
"362","EEE",1.67421913009397,0,1
"363","EEE",0.294892007512592,0,0
"364","EEE",0.223552673444638,1,0
"365","EEE",0.235207699038653,0,0
"366","EEE",1.27718600583683,0,1
"367","EEE",0.266549973974273,0,0
"368","EEE",1.8175794226667,1,1
"369","EEE",1.69230873997639,0,1
"370","EEE",1.99999999228226,1,1
"371","EEE",1.13625923473655,0,1
"372","EEE",0.0815737983367176,0,0
"373","EEE",1.78745769424117,0,1
"374","EEE",0.368232942382736,1,0
"375","EEE",1.50338322351858,0,1
"376","EEE",1.54090089332348,0,1
"377","EEE",0.0184157115655461,1,0
"378","EEE",1.88970649551355,0,1
"379","EEE",1.99879636842869,1,1
"380","EEE",1.71549525135911,1,1
"381","EEE",0.53045383947389,1,0
"382","EEE",0.212695104277161,0,0
"383","EEE",0.279741422718381,1,0
"384","EEE",1.2508344259826,0,1
"385","EEE",1.98802876044657,1,1
"386","EEE",0.0646213691443751,1,0
"387","EEE",1.60194005833765,0,1
"388","EEE",1.99999112853156,1,1
"389","EEE",0.198901470280738,1,0
"390","EEE",0.287822157347861,1,0
"391","EEE",0.160075184895418,1,0
"392","EEE",0.00790139405277812,1,0
"393","EEE",1.60341801603307,0,1
"394","EEE",1.99951802440891,1,1
"395","EEE",1.72155748275478,1,1
"396","EEE",1.97527770432611,1,1
"397","EEE",0.162281884818217,1,0
"398","EEE",0.036662754098685,1,0
"399","EEE",1.76907420410089,1,1
"400","EEE",0.20714293838497,1,0
"401","EEE",0.808476961847369,1,1
"402","EEE",1.90203421557906,0,1
"403","EEE",0.148049757241851,1,0
"404","EEE",0.41439781707148,0,0
"405","EEE",1.99916524732287,1,1
"406","EEE",0.00624301824602069,1,0
"407","EEE",0.194197730535335,0,0
"408","EEE",1.9999923073596,1,1
"409","EEE",1.99994039227118,1,1
"410","EEE",0.150455349799074,0,0
"411","EEE",0.265805351438703,0,0
"412","EEE",0.185056642447695,0,0
"413","EEE",1.94648283625195,1,1
"414","EEE",0.0110730418669667,1,0
"415","EEE",0.110392921460781,0,0
"416","EEE",1.99999999999605,1,1
"417","EEE",0.293534322913188,0,0
"418","EEE",0.208268625837005,0,0
"419","EEE",0.344469740369527,1,0
"420","EEE",0.113780118291573,0,0
"421","EEE",1.41763176405702,1,1
"422","EEE",1.97588614429706,0,1
"423","EEE",1.98570135946812,1,1
"424","EEE",1.99210090108838,1,1
"425","EEE",0.157446122693248,0,0
"426","EEE",0.101970419948567,1,0
"427","EEE",0.0779771559638183,1,0
"428","EEE",0.0133083954191837,1,0
"429","EEE",0.259934223889136,1,0
"430","EEE",0.270897940826791,1,0
"431","EEE",1.99699209328192,1,1
"432","EEE",1.92728676560021,1,1
"433","EEE",0.167323718397863,1,0
"434","EEE",0.397499277578889,0,0
"435","EEE",1.41207085293462,1,1
"436","EEE",0.0827480545725557,0,0
"437","EEE",1.1453638737849,1,1
"438","EEE",0.685432838298388,1,1
"439","EP",0.00865390432174129,1,0
"440","EP",0.0299020941332859,1,0
"441","EP",0.0146945820017754,1,0
"442","EP",0.54526072330522,1,1
"443","EP",0.0378548602343043,1,0
"444","EP",0.066728739032855,1,0
"445","EP",0.0251046504852699,1,1
"446","EP",0.819458989408298,1,1
"447","EP",0.00170990854765041,1,0
"448","EP",0.291851697720023,1,1
"449","EP",0.07825738599553,1,1
"450","EP",0.30532015996391,1,1
"451","EP",0.612565903629767,1,1
"452","EP",0.005852826792758,1,0
"453","EP",0.150904821547402,1,0
"454","EP",1.62901180919731,1,1
"455","EP",0.0449057697186217,1,0
"456","EP",0.0549590235362674,1,0
"457","EP",0.80248415267486,1,1
"458","EP",0.0382046598775301,0,0
"459","EP",0.0405678594721881,1,0
"460","EP",0.0760524870247565,1,0
"461","EP",0.099249516387204,1,0
"462","EP",0.0769885779688098,1,0
"463","EP",0.156171974200857,1,1
"464","EP",0.509838947065985,0,1
"465","EP",0.00118583084542911,1,0
"466","EP",0.36379599864429,1,1
"467","EP",0.146062334550325,1,1
"468","EP",0.898130323511054,1,1
"469","EP",0.204059624646198,1,1
"470","EP",0.220561686696599,1,0
"471","EP",0.48016495486192,1,1
"472","EP",0.0123019355587837,1,0
"473","EP",0.0121276375666668,1,1
"474","EP",0.635481721438842,1,1
"475","EP",0.538663612240224,1,1
"476","EP",0.602076463953904,1,1
"477","EP",0.00725470138810658,1,0
"478","EP",0.0592321489929974,1,0
"479","EP",0.0484705316462481,1,1
"480","EP",1.15604011188545,1,1
"481","EP",0.0467138469882398,1,0
"482","EP",0.242871860046252,1,1
"483","EP",0.998806513358387,0,1
"484","EP",0.0379506030502141,1,0
"485","EP",0.287623230679529,0,1
"486","EP",1.27584241705318,1,1
"487","EP",0.29883264252543,1,1
"488","EP",0.0404591168172066,1,0
"489","EP",0.184119947444629,1,0
"490","EP",0.0743662385490027,1,0
"491","EP",1.23372810983918,1,1
"492","EP",0.181457553096719,1,1
"493","EP",0.159806686422237,1,1
"494","EP",0.623814255316984,1,1
"495","EP",1.82979823682498,1,1
"496","EP",0.371370095800413,1,1
"497","EP",0.0427201366633452,1,0
"498","EP",0.00774761277617175,1,0
"499","EP",0.075358096782715,1,0
"500","EP",0.00300394965572792,1,0
"501","EP",0.10953762606493,1,0
"502","FCVP",0.326728562012435,0,0
"503","FCVP",0.124610787767887,1,0
"504","FCVP",0.151702261462945,1,0
"505","FCVP",1.32175119969657,0,1
"506","FCVP",0.435339774128164,1,0
"507","FCVP",1.30091307085296,1,1
"508","FCVP",1.08019868719244,1,1
"509","FCVP",0.116185393910075,1,0
"510","FCVP",0.0932090103577776,1,0
"511","FCVP",0.228912588134004,1,0
"512","FCVP",1.84631876165294,1,1
"513","FCVP",0.0988881430041535,1,0
"514","FCVP",1.75127647238533,0,1
"515","FCVP",0.322792089289336,1,1
"516","FCVP",0.036934378197881,1,1
"517","FCVP",0.895346492301103,1,1
"518","FCVP",0.0477822464640767,0,0
"519","FCVP",0.264729465983507,1,1
"520","FCVP",0.424219444182345,0,1
"521","FCVP",0.105501352341074,0,0
"522","FCVP",0.167854523774922,0,0
"523","FCVP",0.0645566193059239,1,0
"524","FCVP",0.259552390207452,1,1
"525","FCVP",1.05494876956338,1,1
"526","FCVP",0.428542370836721,1,1
"527","FCVP",0.274137668287949,1,0
"528","FCVP",0.0911501476284786,0,0
"529","FCVP",1.16079496083771,0,1
"530","FCVP",1.4377938142359,1,1
"531","FCVP",0.123423971838584,1,1
"532","FCVP",0.0433077814704803,1,0
"533","FCVP",1.61644206672157,0,1
"534","FCVP",0.174672076259651,1,0
"535","FCVP",0.635715479472976,1,1
"536","FCVP",0.0458426917161549,0,0
"537","FCVP",0.17723441527845,1,0
"538","FCVP",0.58700061409057,1,0
"539","FCVP",0.361611488305967,1,0
"540","FCVP",1.09750683607451,1,1
"541","FCVP",1.99303642401943,1,1
"542","FCVP",0.0100378439395707,1,1
"543","FCVP",0.0800933767131318,0,0
"544","FCVP",1.23295381416987,1,1
"545","FCVP",1.99887480577072,1,1
"546","FCVP",0.469426668458397,1,0
"547","FCVP",0.846111295254535,0,1
"548","FCVP",0.465066974810737,0,1
"549","FCVP",0.0357518449848104,1,0
"550","FCVP",0.963547859460996,1,1
"551","FCVP",0.238463548556722,1,0
"552","FCVP",0.086355360346769,1,0
"553","FCVP",0.164656007018459,1,1
"554","FCVP",1.15165603700203,0,1
"555","FCVP",1.24396447066419,0,1
"556","FCVP",0.40825176101101,0,1
"557","FCVP",0.0679984150857158,0,0
"558","FCVP",1.09702279783115,0,1
"559","FCVP",1.71050475725962,1,1
"560","FCVP",1.9389339142292,0,1
"561","FCVP",0.974436765477547,0,1
"562","FCVP",0.0658022793339148,1,0
"563","FCVP",0.210499247919564,1,0
"564","FCVP",0.0990546877380523,1,0
"565","FCVP",0.125087072188387,1,0
"566","FCVP",0.528079303491011,1,1
"567","FCVP",1.44690319103539,1,1
"568","FCVP",0.393760248262573,1,0
"569","FGG",0.111665951785271,1,1
"570","FGG",0.930746000980296,1,1
"571","FGG",0.152023131713425,1,1
"572","FGG",0.148502398213985,1,0
"573","FGG",0.0126077076956319,1,0
"574","FGG",0.107140640783714,1,1
"575","FGG",0.0301707904315489,1,0
"576","FGG",0.0696408028653357,1,1
"577","FGG",0.0784374677496247,1,0
"578","FGG",0.566046458297575,1,1
"579","FGG",0.17127306672208,1,1
"580","FGG",0.33519541819415,1,1
"581","FGG",0.0211778557311055,1,0
"582","FGG",0.117128463174424,0,0
"583","FGG",0.0540594132951742,1,0
"584","FGG",0.0945411908820872,1,1
"585","FGG",0.0424011075682434,0,0
"586","FGG",0.528590896754993,0,1
"587","FGG",0.00752048144056827,1,0
"588","FGG",0.248250791403007,1,1
"589","FGG",0.00483025145883009,1,0
"590","FGG",0.0139292437160594,1,0
"591","FGG",0.256418651268814,1,1
"592","FGG",0.0374879905446399,1,0
"593","FGG",0.42575300495179,1,1
"594","FGG",0.0287621036378147,1,0
"595","FGG",0.0227311394274339,1,1
"596","FGG",0.52399590630729,1,1
"597","FGG",0.111413423418814,1,0
"598","FGG",0.069064548850734,1,0
"599","FGG",0.64199855154851,1,1
"600","FGG",0.0321433261210384,1,0
"601","FGG",0.011254389321165,1,0
"602","FGG",0.0373185021498776,1,0
"603","FGG",0.0866963073145339,1,0
"604","FGG",0.377366014973364,1,1
"605","FGG",0.090934374057879,1,1
"606","FGG",0.0271801639923841,1,1
"607","FGG",0.0878287408008156,1,0
"608","FGG",0.418112369322659,1,1
"609","FGG",0.0178325119987628,1,0
"610","FGG",0.0187556644817277,1,1
"611","FGG",0.04304755267644,1,0
"612","FGG",0.0672160420576993,0,0
"613","FGG",0.0911923083574118,1,1
"614","FGG",0.0948671338815299,1,1
"615","FGG",0.0431763820741136,1,1
"616","FGG",0.153022747298514,1,1
"617","FGG",0.323461548819446,1,1
"618","FGG",0.124381593306242,1,0
"619","FGG",0.0160127930171026,1,0
"620","FGG",0.031311609819217,1,1
"621","FGG",0.116032164657449,0,0
"622","FGG",0.111307503869672,1,0
"623","FGG",0.378055195753815,1,1
"624","FGG",0.693933788248327,1,1
"625","FGG",0.778975944305627,1,1
"626","FGG",0.0631104891613203,1,0
"627","FGG",0.231373817714888,1,1
"628","FGG",0.0927841746806579,0,0
"629","FGG",0.294835688691916,1,1
"630","FGG",0.0516424032891363,1,0
"631","FGG",0.368300553263643,1,1
"632","FGG",0.499386241551468,1,1
"633","FGG",0.043340032827603,1,0
"634","FGG",0.0390239816676845,1,0
"635","FGG",0.0830050372886688,1,1
"636","FGG",0.413939929658888,1,1
"637","FGG",0.340293644072515,1,1
"638","FGG",1.34431352963526,1,1
"639","FGG",0.0146051212751017,1,1
"640","FGG",0.436058574257751,1,1
"641","FGG",0.174371918541207,1,0
"642","FGG",0.0521635657313249,1,0
"643","FGG",0.0227177583168303,1,0
"644","FGG",0.0630270607196015,1,0
"645","FGG",0.000890813727392414,1,0
"646","FGG",0.423878285596945,0,1
"647","FGG",0.744239492420642,1,1
"648","FGG",0.0671899569312235,1,0
"649","FGG",0.59092615477645,1,1
"650","FGG",0.02479082260996,1,1
"651","FGG",0.427765735743833,1,1
"652","FGG",0.0457401314052976,1,0
"653","FGG",0.0316566637880722,1,0
"654","FGG",0.0649333904033649,1,0
"655","FGG",0.36953207332533,1,1
"656","FGG",0.0421518555155715,1,0
"657","FGG",0.452557475245512,1,1
"658","FGG",1.44648347665179,1,1
"659","FGG",0.0123708299464322,1,1
"660","FGG",0.108720407723783,1,0
"661","FGG",0.254230416530685,1,1
"662","FGG",0.0609224473070336,1,1
"663","FGG",0.00756120332279808,1,0
"664","FGG",0.211406434103129,1,1
"665","FGG",0.154942658066359,0,0
"666","FGG",0.45041734921704,1,1
"667","FGG",0.0618564297439126,1,1
"668","FGG",0.285232094544324,1,1
"669","HDL",0.0977509468771005,1,1
"670","HDL",0.0138238359767753,1,1
"671","HDL",0.106794133178429,1,0
"672","HDL",0.0887987008537862,0,0
"673","HDL",0.721548653311477,1,1
"674","HDL",0.241867689835624,1,1
"675","HDL",0.0485821017458627,1,1
"676","HDL",0.297278072816898,1,1
"677","HDL",0.0617533778334127,1,0
"678","HDL",0.0291468555643377,1,0
"679","HDL",0.156649540959622,1,1
"680","HDL",0.0189349362457205,1,0
"681","HDL",0.0307324282070491,1,0
"682","HDL",0.0761286028718171,1,0
"683","HDL",0.0770349729250073,1,0
"684","HDL",0.0169389745241613,1,0
"685","HDL",0.762805487261228,1,1
"686","HDL",0.0370447977617103,1,0
"687","HDL",0.667160484800061,0,1
"688","HDL",0.180177759217481,1,1
"689","HDL",0.991464511907275,0,1
"690","HDL",0.109114932683845,0,0
"691","HDL",0.601864075023152,1,1
"692","HDL",0.0358677734764477,1,0
"693","HDL",0.445255337211703,1,1
"694","HDL",0.0102644871754194,1,0
"695","HDL",0.108871095618731,1,0
"696","HDL",0.529962287770403,1,1
"697","HDL",0.286045258585955,1,1
"698","HDL",1.21456702704702,1,1
"699","HDL",0.035940894861374,1,0
"700","HDL",0.123798994191452,1,1
"701","HDL",0.0930039872087607,1,0
"702","HDL",0.298925700882819,1,0
"703","HDL",0.561233876656289,1,1
"704","HDL",0.196840552986814,1,0
"705","HDL",0.00972646566229263,1,0
"706","HDL",0.138698295796312,1,0
"707","HDL",0.419137111241541,0,1
"708","HDL",0.798851106737332,1,1
"709","HDL",0.0224179612133548,1,0
"710","HDL",0.00450104177385557,1,0
"711","HDL",0.0353843827888409,1,0
"712","HDL",0.17883722375073,0,0
"713","HDL",0.0429504247682202,1,1
"714","HDL",0.0650761413955598,1,0
"715","HDL",0.53224480956723,1,1
"716","HDL",0.14964294014706,0,0
"717","HDL",1.20207012814779,1,1
"718","HDL",0.260354762067595,1,1
"719","HDL",0.104561325710089,1,0
"720","HDL",0.0450996300860633,1,0
"721","HDL",0.0488496404581522,1,0
"722","HDL",0.268225503081867,1,0
"723","HDL",0.0865319677038872,1,0
"724","HDL",0.887922018017489,1,1
"725","HDL",0.0779644499666197,1,0
"726","HDL",0.804941047057157,1,1
"727","HDL",0.0275065796030352,1,0
"728","HDL",0.0484404144800428,1,1
"729","HDL",0.139086490481573,1,0
"730","HDL",0.017980113960135,1,0
"731","HDL",0.313688353295885,1,0
"732","HDL",0.0533677348493065,1,1
"733","HDL",0.0219908315997952,1,1
"734","HDL",0.197284917666028,1,1
"735","HDL",0.367213919160826,1,1
"736","HDL",0.0353420321829673,0,0
"737","HDL",0.153625319977914,1,1
"738","HDL",0.015784324407736,1,0
"739","HDL",0.775211245220184,1,1
"740","HDL",0.137944198926291,1,1
"741","HDL",0.0581081432441202,1,0
"742","HDL",0.0514396064408671,1,0
"743","HDL",1.7532362214932,1,1
"744","HDL",0.0088015001348325,1,0
"745","HDL",0.40260322733074,1,1
"746","HDL",0.514245290423899,1,1
"747","HDL",0.352809388783425,1,1
"748","HDL",0.0613685660018983,1,1
"749","HDL",0.155226189249339,1,0
"750","HDL",0.669790785786183,1,1
"751","HM",0.602692584069625,0,0
"752","HM",1e-05,1,1
"753","HM",0.0566487700670426,1,0
"754","HM",0.150894982663322,1,0
"755","HM",0.222338277758308,1,0
"756","HM",0.0758101387296267,0,0
"757","HM",0.0490371882173347,0,0
"758","HM",1e-05,1,1
"759","HM",0.24201200517998,0,0
"760","HM",1e-05,1,1
"761","HM",1e-05,1,1
"762","HM",0.676537937124648,0,0
"763","HM",1e-05,1,1
"764","HM",1e-05,1,1
"765","HM",1.32996211177819,1,0
"766","HM",1e-05,1,1
"767","HM",0.526405857987522,0,0
"768","HM",1e-05,1,1
"769","HM",1e-05,1,1
"770","HM",0.103809978972051,1,0
"771","HM",1e-05,1,1
"772","HM",0.189691082173873,0,0
"773","HM",1e-05,1,1
"774","HM",0.285985453002511,0,0
"775","HM",0.0966945692867908,0,0
"776","HM",0.125044953927912,0,0
"777","HM",0.10104121542613,0,0
"778","HM",0.881963559750829,1,0
"779","HM",1e-05,1,1
"780","HM",0.169482255198696,1,0
"781","HM",1e-05,1,1
"782","HM",1e-05,1,1
"783","HM",1e-05,1,1
"784","HM",0.199397882845403,0,0
"785","HM",1e-05,1,1
"786","HM",0.184120131967458,0,0
"787","HM",1e-05,1,1
"788","HM",1e-05,1,1
"789","HM",1e-05,1,1
"790","HM",1e-05,1,1
"791","HM",0.279934836422934,0,0
"792","HM",0.0900764317085305,1,0
"793","HM",0.0316362011938289,1,0
"794","HM",0.0658603068584553,1,0
"795","HM",1e-05,1,1
"796","HM",1e-05,1,1
"797","HM",1e-05,1,1
"798","HM",1e-05,1,1
"799","HM",1e-05,1,1
"800","HM",0.66160665561112,1,0
"801","HM",1e-05,1,1
"802","HM",0.00143672374421699,1,0
"803","HM",1e-05,1,1
"804","HM",1e-05,1,1
"805","HM",1e-05,1,1
"806","HM",1e-05,1,1
"807","HM",0.260450794273606,1,0
"808","HM",0.774085803172116,1,0
"809","HM",0.183587024310519,0,0
"810","HM",0.0818679114592401,0,0
"811","HM",0.116833575793638,1,0
"812","HM",0.241049261094818,0,0
"813","HM",1e-05,1,1
"814","HM",1e-05,1,1
"815","HM",0.0635886412768096,0,0
"816","HM",1e-05,1,1
"817","HM",1e-05,1,1
"818","HM",0.498493645139012,1,0
"819","HM",1e-05,1,1
"820","HM",0.220352036702142,1,0
"821","IUCV",0.0262242335381861,1,0
"822","IUCV",0.0273793861094445,1,0
"823","IUCV",1.85143925261642,1,1
"824","IUCV",0.147169065947422,1,0
"825","IUCV",0.0371791080504746,1,0
"826","IUCV",0.0105010911113679,1,0
"827","IUCV",0.237018033168644,1,0
"828","IUCV",0.423017865594535,1,1
"829","IUCV",0.0457148326281409,1,0
"830","IUCV",0.00711913655361873,1,0
"831","IUCV",0.010299951144972,1,0
"832","IUCV",0.339315340748086,1,0
"833","IUCV",0.951380906186311,1,1
"834","IUCV",0.159044275162545,1,1
"835","IUCV",0.156504663281881,1,0
"836","IUCV",0.0730393707427492,1,0
"837","IUCV",0.71383698467473,1,1
"838","IUCV",0.610838701998324,1,1
"839","IUCV",0.00604748297236402,1,0
"840","IUCV",0.0639264765304535,1,0
"841","IUCV",0.0631782915992518,1,0
"842","IUCV",0.0461824865436673,1,0
"843","IUCV",0.0597065389730536,1,0
"844","IUCV",1.60190255762983,1,1
"845","IUCV",1.01694810838226,1,1
"846","IUCV",0.0743252353517956,1,0
"847","IUCV",1.00442526254631,1,1
"848","IUCV",0.608289167241832,1,1
"849","IUCV",0.74806631452223,1,1
"850","IUCV",0.0240789305300346,1,0
"851","IUCV",1.62161072776834,1,1
"852","IUCV",0.882519066104955,1,1
"853","IUCV",0.128464283970376,1,1
"854","IUCV",0.630276183715106,1,1
"855","IUCV",0.10138735084028,1,0
"856","IUCV",0.0890134595486853,1,0
"857","IUCV",0.358189069489582,1,0
"858","IUCV",0.0541789593014275,1,0
"859","IUCV",0.0723896163768101,1,0
"860","IUCV",0.0898360251272569,0,0
"861","IUCV",0.0921057658761228,1,0
"862","IUCV",1.63552014720367,1,1
"863","IUCV",0.12802580671636,0,0
"864","IUCV",0.147050764443923,1,0
"865","IUCV",0.00212625579517045,1,0
"866","IUCV",1.48637827638156,0,1
"867","IUCV",1.37913176156043,1,1
"868","IUCV",0.0077264724614996,1,0
"869","IUCV",0.238069343998309,1,0
"870","IUCV",0.00615544013577973,1,0
"871","IUCV",0.0406969954671892,1,0
"872","IUCV",0.368358753408285,0,0
"873","IUCV",0.0169642554427847,1,0
"874","IUCV",0.0678892416896917,1,0
"875","IUCV",0.0878775004682839,1,0
"876","IUCV",0.167329003907035,1,1
"877","IUCV",0.525514553261797,1,1
"878","IUCV",1.59169203158433,1,1
"879","IUCV",0.198126265574972,1,0
"880","IUCV",0.0905631865695866,1,0
"881","IUCV",0.0192982641506398,1,0
"882","IUCV",0.0965367774168175,1,0
"883","IUCV",0.478582318940413,1,1
"884","IUCV",0.503455156453363,1,1
"885","IUCV",0.598567832424018,1,1
"886","IUCV",0.0552353376669374,1,0
"887","IUCV",0.276617774499708,1,1
"888","IUCV",0.374738363715706,1,1
"889","IUCV",0.0179618819656027,1,0
"890","IUCV",0.026101644102535,1,1
"891","IXM",0.923565739438657,1,1
"892","IXM",0.12636613063031,1,1
"893","IXM",0.0315520218802459,1,0
"894","IXM",0.799155239214774,1,1
"895","IXM",0.147512438571965,1,0
"896","IXM",0.212490793646552,1,1
"897","IXM",0.0109682071075992,1,1
"898","IXM",0.0128087368709975,1,0
"899","IXM",0.0326005458928302,1,0
"900","IXM",0.169271510865806,1,1
"901","IXM",0.527417458338429,1,1
"902","IXM",0.560226272424491,1,1
"903","IXM",0.0954696630052945,1,0
"904","IXM",1.61445555937949,1,1
"905","IXM",0.0729460472297625,1,0
"906","IXM",0.00169562741953722,1,0
"907","IXM",1.14314669165982,1,1
"908","IXM",0.0261744471306218,1,0
"909","IXM",0.0533313865136475,1,0
"910","IXM",0.00328517528722894,1,0
"911","IXM",0.0273672847402375,1,0
"912","IXM",0.0778320115636408,1,1
"913","IXM",0.273594340787532,0,1
"914","IXM",0.357232690389032,1,1
"915","IXM",0.971626118398466,1,1
"916","IXM",0.0135506711770936,1,0
"917","IXM",0.115308833733682,0,0
"918","IXM",0.216406222611156,1,1
"919","IXM",0.264831968817879,1,1
"920","IXM",0.211974524083054,1,1
"921","IXM",0.0383261667833579,1,0
"922","IXM",0.164681428411035,1,1
"923","IXM",0.0722427289735845,1,0
"924","IXM",0.00539190071675844,1,0
"925","IXM",0.0904385226029927,0,0
"926","IXM",0.0588940469386593,0,0
"927","IXM",0.0421704718464746,1,0
"928","IXM",0.269854134542877,0,0
"929","IXM",1.2982677894348,1,1
"930","IXM",0.0900841998771229,1,0
"931","IXM",0.193206611217844,0,0
"932","IXM",0.0291271875570325,1,0
"933","IXM",1.33600258594214,1,1
"934","IXM",0.438450217936185,0,1
"935","IXM",0.704628698326049,1,1
"936","IXM",0.396274940408505,0,1
"937","IXM",0.194627912543724,1,1
"938","IXM",0.0418416929918046,1,0
"939","IXM",0.217086124631201,1,1
"940","IXM",0.117685298667062,1,0
"941","IXM",0.10239557190936,1,0
"942","IXM",0.09403463860415,1,0
"943","IXM",0.0677648729173352,1,1
"944","IXM",0.573744783044404,1,1
"945","IXM",0.788845671505173,0,1
"946","IXM",0.15628475653174,1,0
"947","IXM",0.0956851913879564,1,0
"948","IXM",0.0211023069640883,1,1
"949","IXM",0.0601738886068486,0,0
"950","IXM",0.256177611219291,1,0
"951","IXM",0.0476218717147052,1,0
"952","IXM",0.162834691345008,1,1
"953","IXM",0.252888984441592,1,0
"954","IXM",0.625268965448513,0,1
"955","IXM",0.103713103436413,1,1
"956","IXM",0.161806688987687,0,0
"957","IXM",0.0101099626743091,1,0
"958","IXM",0.105536047198224,1,1
"959","IXM",0.0149964547674688,1,0
"960","IXM",0.0485014416766263,1,0
"961","IXM",0.551313669986384,1,1
"962","IXM",0.215576310262923,1,1
"963","IXM",0.0110650025529864,1,0
"964","IXM",0.0294949801018154,1,0
"965","IXM",0.0312996363361464,1,0
"966","IXM",0.348180345009788,1,1
"967","IXM",0.15078500221099,1,1
"968","IXM",0.0657240875014074,0,0
"969","IXM",0.423407653737196,1,1
"970","IXM",0.0384014384051046,1,0
"971","IXM",0.0404111746126659,1,0
"972","IXM",1.50665128225001,1,1
"973","IXM",1.64194870619211,1,1
"974","IXM",1.36006604065978,1,1
"975","IXM",0.807537481822328,1,1
"976","IXM",1.16692951425349,1,1
"977","IXM",0.138081501162714,1,1
"978","IXM",0.0448111026712308,1,0
"979","IXM",0.355612866077941,0,1
"980","IXM",0.047454264190693,1,0
"981","IXM",1.02216868259191,0,1
"982","JK5",0.39837442903312,1,1
"983","JK5",0.118044837718358,1,0
"984","JK5",0.0743503021845033,1,0
"985","JK5",0.0831174922549403,1,0
"986","JK5",0.00936048515316545,1,0
"987","JK5",0.0110131951469525,1,1
"988","JK5",0.0539352107809674,1,0
"989","JK5",0.479300227679216,1,1
"990","JK5",0.0809883788252321,1,0
"991","JK5",0.707205330850433,1,1
"992","JK5",0.144303835209247,1,1
"993","JK5",0.0461742715548374,0,0
"994","JK5",0.217456435369012,1,0
"995","JK5",1.36666499854942,1,1
"996","JK5",0.334032499234845,1,1
"997","JK5",0.00801949675111957,1,0
"998","JK5",0.0399007934294366,1,0
"999","JK5",0.816905040576432,1,1
"1000","JK5",0.145000283391415,1,1
"1001","JK5",0.00368560167673526,1,0
"1002","JK5",0.172825440277247,1,0
"1003","JK5",0.548768182821794,1,1
"1004","JK5",0.243226545261103,1,1
"1005","JK5",0.199354422290152,0,0
"1006","JK5",0.0195970919915036,1,0
"1007","JK5",0.000975122863144939,1,0
"1008","JK5",0.684486195625329,1,1
"1009","JK5",0.942406707143144,1,1
"1010","JK5",0.00163317647688688,1,0
"1011","JK5",0.0793403702780937,1,0
"1012","JK5",0.333085785213533,1,1
"1013","JK5",0.0419427230039291,1,0
"1014","JK5",0.00268742454109305,1,0
"1015","JK5",0.452888309338874,1,1
"1016","JK5",0.0653530661067634,1,0
"1017","JK5",1.17632907645864,1,1
"1018","JK5",0.0271117477281642,1,0
"1019","JK5",1.17211622485635,1,1
"1020","JK5",0.807965452713542,1,1
"1021","JK5",0.00580223129017243,1,0
"1022","JK5",0.0283122158798057,1,1
"1023","JK5",0.0954810555977117,1,0
"1024","JK5",0.504754679742559,1,1
"1025","JK5",0.0155377812466504,1,0
"1026","JK5",0.00867899130032579,1,0
"1027","JK5",0.0287963533519686,1,1
"1028","JK5",0.280154811678649,1,1
"1029","JK5",0.101574387625046,1,0
"1030","JK5",0.375719128265389,1,1
"1031","JK5",0.73985901896332,1,1
"1032","JK5",0.00418203496868674,1,0
"1033","JK5",0.0716869134264791,0,0
"1034","JK5",0.273512506396572,1,1
"1035","JK5",0.00199321219506721,1,0
"1036","JK5",0.147028310414616,1,0
"1037","JK5",0.046671076679823,0,0
"1038","JK5",0.926229449572244,1,1
"1039","JK5",0.0700440020451256,1,0
"1040","JK5",0.598070317303849,1,1
"1041","JK5",1.09465605399095,1,1
"1042","JK5",0.0188517747418859,1,1
"1043","JK5",0.0177205712545727,1,0
"1044","JK5",0.049619219386423,0,0
"1045","JK5",0.00376532487829251,1,0
"1046","JK5",0.0507948302529229,1,0
"1047","JK5",0.0357852695126935,1,0
"1048","JK5",0.00830453046658985,1,1
"1049","JK5",0.0716238858843574,1,0
"1050","JK5",0.249948610516928,1,1
"1051","JK5",1.25364988519423,1,1
"1052","JK5",0.0803185375389996,1,1
"1053","JK5",0.00481417662513817,1,0
"1054","JK5",0.0296273233113873,1,1
"1055","JK5",0.0191040320898197,1,0
"1056","JK5",0.0128271530417385,1,0
"1057","JK5",0.418833764720898,1,1
"1058","JK5",0.0218437319210552,1,0
"1059","JK5",0.00828222381251398,1,0
"1060","JK5",0.671513838098055,0,1
"1061","JK5",0.0649760377209534,1,1
"1062","JK5",0.22973553587779,1,0
"1063","JK5",0.613867742460741,1,1
"1064","JK5",0.971094729171321,1,1
"1065","JK5",1.020282850532,1,1
"1066","JK5",0.388069283666512,1,1
"1067","JK5",0.01252107768855,1,0
"1068","JK5",0.054534529388963,1,0
"1069","JK5",0.019055500033899,1,0
"1070","JK5",0.00721659121423435,1,0
"1071","JK5",0.633539184497901,1,1
"1072","JK5",0.0396598547377864,1,0
"1073","JK5",5.51238810559962e-05,1,0
"1074","JK5",0.761239920313721,0,1
"1075","JK5",0.143838866052111,0,0
"1076","JK5",0.0798172608545262,1,0
"1077","JOO",0.865588487807701,0,1
"1078","JOO",0.397730837082351,0,0
"1079","JOO",0.426034334494631,1,1
"1080","JOO",0.22593721097593,1,1
"1081","JOO",0.236615844191991,1,1
"1082","JOO",0.502885499689755,1,0
"1083","JOO",0.54199096247428,1,1
"1084","JOO",0.0335614063931882,1,0
"1085","JOO",0.565322543420891,0,1
"1086","JOO",0.0237476498534075,1,0
"1087","JOO",0.693384410657772,1,1
"1088","JOO",0.0188815928308033,1,0
"1089","JOO",0.900720912171093,1,1
"1090","JOO",1.24275809000351,1,1
"1091","JOO",1.43114751938645,1,1
"1092","JOO",0.141279596500151,0,0
"1093","JOO",0.0767971821134209,0,0
"1094","JOO",0.0330080187383719,1,0
"1095","JOO",0.0222911244165351,1,0
"1096","JOO",1.26053621971398,1,1
"1097","JOO",0.182607517600448,1,0
"1098","JOO",0.258307702441713,1,0
"1099","JOO",0.129849608341024,0,0
"1100","JOO",0.102602743319082,1,0
"1101","JOO",0.0941854759987599,1,0
"1102","JOO",0.0429770206097766,1,0
"1103","JOO",0.901051255965584,0,1
"1104","JOO",1.32261235801531,1,1
"1105","JOO",0.59309377299148,1,0
"1106","JOO",0.0470227649673858,1,0
"1107","JOO",0.180563286045701,0,0
"1108","JOO",1.47258046312823,1,1
"1109","JOO",0.0585894660014503,1,0
"1110","JOO",0.808720011250304,1,1
"1111","JOO",0.367868439483265,1,1
"1112","JOO",0.10691477178291,0,0
"1113","JOO",0.292528067368412,0,0
"1114","JOO",1.89136654163973,1,1
"1115","JOO",0.204493107514156,0,0
"1116","JOO",1.79636778061435,1,1
"1117","JOO",0.490176748504509,0,0
"1118","JOO",0.279575193553842,1,1
"1119","JOO",0.526374260890591,1,1
"1120","JOO",1.6398957168414,1,1
"1121","JOO",0.125964048252283,1,0
"1122","JOO",0.163872882365075,0,0
"1123","JOO",0.0450618902118556,1,0
"1124","JOO",0.0459826705463211,1,0
"1125","JOO",0.124626014396046,0,0
"1126","JOO",0.171172868742167,1,0
"1127","JOO",0.0747834317307976,0,0
"1128","JOO",0.0205202723262063,1,1
"1129","JOO",0.0335955334635736,1,0
"1130","JOO",0.858493295536198,1,1
"1131","JOO",0.162545125495552,1,0
"1132","JOO",0.14350847779832,1,1
"1133","JOO",0.0412378945248513,1,0
"1134","JOO",0.918538081242269,1,1
"1135","JOO",0.0552017434958392,1,0
"1136","KLO",1e-05,1,1
"1137","KLO",1e-05,1,1
"1138","KLO",0.0611064663256655,1,0
"1139","KLO",0.215094338578929,0,0
"1140","KLO",1e-05,1,1
"1141","KLO",0.349855377853949,0,0
"1142","KLO",1e-05,1,1
"1143","KLO",1e-05,1,1
"1144","KLO",0.182879146719407,1,0
"1145","KLO",0.168330241821138,0,0
"1146","KLO",0.0860494640640991,0,0
"1147","KLO",0.11684998716292,1,0
"1148","KLO",0.684174798702659,0,0
"1149","KLO",0.228376972291538,0,0
"1150","KLO",1e-05,1,1
"1151","KLO",0.486588900301991,0,0
"1152","KLO",0.136556877774301,1,0
"1153","KLO",1e-05,1,1
"1154","KLO",0.697365830194158,1,0
"1155","KLO",0.138871027802746,0,0
"1156","KLO",1e-05,1,1
"1157","KLO",1e-05,1,1
"1158","KLO",0.0923159147156996,1,0
"1159","KLO",1e-05,1,1
"1160","KLO",0.12176797824687,1,0
"1161","KLO",1e-05,1,1
"1162","KLO",1e-05,1,1
"1163","KLO",1e-05,1,1
"1164","KLO",0.241148117525276,0,0
"1165","KLO",0.357640011791155,0,0
"1166","KLO",0.238103038426855,1,0
"1167","KLO",1e-05,1,1
"1168","KLO",1e-05,1,1
"1169","KLO",1e-05,1,1
"1170","KLO",1e-05,1,1
"1171","KLO",1e-05,1,1
"1172","KLO",1e-05,1,1
"1173","KLO",1e-05,1,1
"1174","KLO",0.651471954319186,0,0
"1175","KLO",1e-05,1,1
"1176","KLO",0.0695409451071768,0,0
"1177","KLO",1e-05,1,1
"1178","KLO",0.464424895628518,0,0
"1179","KLO",0.511910030773247,1,0
"1180","KLO",0.484200636472881,1,0
"1181","KLO",1e-05,1,1
"1182","KLO",1e-05,1,1
"1183","KLO",0.155964855394097,0,0
"1184","KLO",1e-05,1,1
"1185","KLO",0.170436193296807,0,0
"1186","KLO",1e-05,1,1
"1187","KLO",0.0509391714340799,1,0
"1188","KLO",1e-05,1,1
"1189","KLO",1e-05,1,1
"1190","KLO",0.0801425913144738,1,0
"1191","KLO",0.0151898355954863,1,0
"1192","KPI",0.00285788573999768,1,0
"1193","KPI",0.0705687755355565,0,0
"1194","KPI",1.06080813777507,1,1
"1195","KPI",0.135436824686043,1,1
"1196","KPI",0.27205245749257,1,0
"1197","KPI",0.0216711195256598,1,0
"1198","KPI",0.055177028620509,0,0
"1199","KPI",0.132621222558547,0,0
"1200","KPI",0.075618360403489,0,0
"1201","KPI",0.466078188717097,1,1
"1202","KPI",0.0733727478284232,1,0
"1203","KPI",0.0466632534119011,1,0
"1204","KPI",0.172599247065208,1,0
"1205","KPI",1.10068048075994,1,1
"1206","KPI",0.0405806041177343,1,0
"1207","KPI",0.129020539464244,1,1
"1208","KPI",0.344890169473077,1,0
"1209","KPI",0.13062707546848,1,0
"1210","KPI",1.73296398515871,1,1
"1211","KPI",0.0416629808575506,1,1
"1212","KPI",1.66449598461979,1,1
"1213","KPI",1.75698674910204,1,1
"1214","KPI",0.299067418425824,0,1
"1215","KPI",0.0142202608802593,1,0
"1216","KPI",0.0719735438853717,1,0
"1217","KPI",0.165384595807125,1,0
"1218","KPI",1.5126219365344,0,1
"1219","KPI",0.710526934654277,1,1
"1220","KPI",0.105618622715586,0,0
"1221","KPI",0.105002752956416,1,0
"1222","KPI",0.0114851966670597,1,0
"1223","KPI",0.781601705160812,0,1
"1224","KPI",1.63407615314898,1,1
"1225","KPI",0.106895342982384,1,0
"1226","KPI",0.0203434915096128,1,0
"1227","KPI",0.35160047831611,1,1
"1228","KPI",0.00795762331083316,1,0
"1229","KPI",0.95978672249191,1,1
"1230","KPI",0.139195980857047,0,0
"1231","KPI",0.0130258645943488,1,0
"1232","KPI",0.0201390467569804,1,1
"1233","KPI",0.895038773118054,1,1
"1234","KPI",0.12315162000971,1,0
"1235","KPI",0.0792195512575553,1,0
"1236","KPI",0.0095892534007811,1,0
"1237","KPI",0.102929187606341,1,0
"1238","KPI",1.09453886316224,1,1
"1239","KPI",0.880814016522462,0,1
"1240","KPI",0.643262063476188,0,1
"1241","KPI",0.821408758829114,1,1
"1242","KPI",0.236888516367021,1,0
"1243","KPI",0.314299413688105,1,1
"1244","KPI",1.42148879548697,1,1
"1245","KPI",0.407611508703527,1,1
"1246","KPI",0.0448043884178053,1,0
"1247","KPI",0.31282660094729,1,1
"1248","KPI",0.0901432316145388,0,0
"1249","KPI",0.0813558263640388,1,1
"1250","KWU",1.35877052355177,1,1
"1251","KWU",0.038407979566482,1,0
"1252","KWU",0.0142812042953127,1,0
"1253","KWU",0.45100184725318,1,1
"1254","KWU",0.0461308535375364,1,0
"1255","KWU",0.00538149913496166,1,0
"1256","KWU",0.100549952628423,1,0
"1257","KWU",0.562872786092541,1,1
"1258","KWU",0.159087776331887,1,1
"1259","KWU",0.154482199583795,1,0
"1260","KWU",0.00611451012055686,1,0
"1261","KWU",1.05119733939417,1,1
"1262","KWU",0.103741911952895,1,0
"1263","KWU",0.114637418435372,1,0
"1264","KWU",0.18218964634314,1,0
"1265","KWU",0.211672356606594,1,0
"1266","KWU",1.40053207372563,0,1
"1267","KWU",0.00703796044235183,1,0
"1268","KWU",0.0265961292873056,1,0
"1269","KWU",0.869157226534923,1,1
"1270","KWU",0.741755336603248,1,1
"1271","KWU",0.121240829769587,1,1
"1272","KWU",0.0224808878583918,1,0
"1273","KWU",0.0076078953602059,1,1
"1274","KWU",0.0199117208151243,1,1
"1275","KWU",0.0906014171176786,1,0
"1276","KWU",0.00976296574001623,1,0
"1277","KWU",0.0377612130156673,1,0
"1278","KWU",0.82324519929459,0,1
"1279","KWU",0.85788438978529,1,1
"1280","KWU",0.44114741605587,0,1
"1281","KWU",0.00155622303277725,1,1
"1282","KWU",0.00348267708566907,1,0
"1283","KWU",0.126669029481972,0,0
"1284","KWU",0.0389500443228761,1,1
"1285","KWU",0.010988676627131,1,0
"1286","KWU",0.814189532639194,0,1
"1287","KWU",0.0184340792569273,1,0
"1288","KWU",0.0658002822503025,1,1
"1289","KWU",0.0167085748691931,1,0
"1290","KWU",0.0137638866008161,1,0
"1291","KWU",0.141692696046464,1,1
"1292","KWU",0.0205602121960029,1,0
"1293","KWU",0.0271054010580862,1,0
"1294","KWU",0.105448058203632,1,0
"1295","KWU",0.262039616028395,1,1
"1296","KWU",0.0516446054884041,1,0
"1297","KWU",1.05119503394161,1,1
"1298","KWU",0.0882796416617793,1,0
"1299","KWU",0.0338810586332574,1,0
"1300","KWU",0.167729922183836,1,1
"1301","KWU",0.737943685201892,1,1
"1302","KWU",0.64546532274998,1,1
"1303","KWU",0.00199988226255043,1,1
"1304","KWU",0.121329042857019,1,1
"1305","KWU",0.0227610770415099,1,0
"1306","KWU",0.0581339253873705,1,0
"1307","KWU",0.0192946475641185,1,0
"1308","KWU",1.20023570039512,1,1
"1309","KWU",0.342123561111976,1,0
"1310","KWU",0.0132667493131104,1,0
"1311","KWU",0.196453786862503,1,0
"1312","KWU",0.0400539495378704,1,0
"1313","KWU",0.129646488806427,0,0
"1314","LG7",1e-05,1,1
"1315","LG7",1e-05,1,1
"1316","LG7",0.15223739900165,0,0
"1317","LG7",0.586686751203443,1,0
"1318","LG7",0.186666141445062,0,0
"1319","LG7",0.159764837178102,1,0
"1320","LG7",0.184650589127025,0,0
"1321","LG7",1e-05,1,1
"1322","LG7",1e-05,1,1
"1323","LG7",0.466719940439875,1,0
"1324","LG7",0.144405368774588,1,0
"1325","LG7",1e-05,1,1
"1326","LG7",1e-05,1,1
"1327","LG7",1e-05,1,1
"1328","LG7",0.090117291837245,0,0
"1329","LG7",0.151232630726005,0,0
"1330","LG7",1e-05,1,1
"1331","LG7",0.115798732759005,1,0
"1332","LG7",1e-05,1,1
"1333","LG7",0.0824960579056997,1,0
"1334","LG7",0.0480676702280007,1,0
"1335","LG7",1e-05,1,1
"1336","LG7",0.0890946774811114,1,0
"1337","LG7",0.290567993228168,0,0
"1338","LG7",0.826559056372524,1,0
"1339","LG7",0.418754710769251,1,0
"1340","LG7",1e-05,1,1
"1341","LG7",1e-05,1,1
"1342","LG7",1e-05,1,1
"1343","LG7",1e-05,1,1
"1344","LG7",0.116861364733777,0,0
"1345","LG7",1e-05,1,1
"1346","LG7",1e-05,1,1
"1347","LG7",1e-05,1,1
"1348","LG7",0.341035973186304,0,0
"1349","LG7",0.269533250848837,1,0
"1350","LG7",0.133406398872537,0,0
"1351","LG7",0.158685120563516,0,0
"1352","LG7",0.0532964385944038,0,0
"1353","LG7",1e-05,1,1
"1354","LG7",1e-05,1,1
"1355","LG7",1e-05,1,1
"1356","LG7",1e-05,1,1
"1357","LG7",0.505160150086369,1,0
"1358","LG7",0.0707338778614142,1,0
"1359","LG7",1e-05,1,1
"1360","LG7",1e-05,1,1
"1361","LG7",0.582263102332584,1,0
"1362","LG7",1e-05,1,1
"1363","LG7",1e-05,1,1
"1364","LG7",0.111986169137141,0,0
"1365","LG7",1e-05,1,1
"1366","LG7",0.0828815836467482,1,0
"1367","LG7",1e-05,1,1
"1368","LG7",1e-05,1,1
"1369","LG7",0.243678270766355,0,0
"1370","LG7",0.684927244491997,1,0
"1371","LG7",1e-05,1,1
"1372","LG7",0.286607247789093,0,0
"1373","LG7",0.545627853299373,1,0
"1374","LG7",0.139188690490511,0,0
"1375","LG7",0.0684347584905818,1,0
"1376","LG7",0.792467666472513,1,0
"1377","LG7",0.0730673401807526,0,0
"1378","LG7",0.0445685311558963,1,0
"1379","LG7",1e-05,1,1
"1380","LG7",0.177087818524215,0,0
"1381","LG7",1e-05,1,1
"1382","LG7",1e-05,1,1
"1383","LG7",0.242439374295414,1,0
"1384","LSP",0.172554762553042,1,1
"1385","LSP",0.0307821029189699,0,0
"1386","LSP",0.408424159000483,1,1
"1387","LSP",0.728057917076941,1,1
"1388","LSP",0.760579912339769,1,1
"1389","LSP",0.0341137115309518,1,0
"1390","LSP",0.00291769283858034,1,0
"1391","LSP",0.0195026371519251,1,0
"1392","LSP",0.0290263263873929,1,0
"1393","LSP",0.371101670429786,1,1
"1394","LSP",0.205438474590443,1,0
"1395","LSP",0.11594439837538,1,1
"1396","LSP",0.0648257417078182,1,0
"1397","LSP",1.49875550739014,1,1
"1398","LSP",0.00349044871277515,1,0
"1399","LSP",0.0154644750813329,1,0
"1400","LSP",0.0130188413386236,1,1
"1401","LSP",0.0733483378828625,1,0
"1402","LSP",0.150982026893809,1,1
"1403","LSP",0.248295298178965,1,1
"1404","LSP",0.330728961715756,1,1
"1405","LSP",0.00794944174023882,1,0
"1406","LSP",1.37900999352129,1,1
"1407","LSP",0.0345976012144227,1,0
"1408","LSP",0.00468070816689048,1,0
"1409","LSP",0.311105512678263,1,1
"1410","LSP",0.600950737779648,0,1
"1411","LSP",0.229411772821065,0,0
"1412","LSP",0.023219818680881,1,0
"1413","LSP",0.125951713782825,1,0
"1414","LSP",0.124465134427911,1,0
"1415","LSP",0.134551445205606,1,1
"1416","LSP",0.166050552265716,1,1
"1417","LSP",0.145571286691195,1,0
"1418","LSP",0.0909235883326146,0,0
"1419","LSP",0.383644549904079,1,1
"1420","LSP",0.00596441732611819,1,1
"1421","LSP",0.0282303089136833,1,0
"1422","LSP",0.644846494920852,1,1
"1423","LSP",0.0594742114410405,1,0
"1424","LSP",0.0175873154672903,1,0
"1425","LSP",0.710966240125399,1,1
"1426","LSP",0.204901689945976,1,0
"1427","LSP",0.061859189978074,0,0
"1428","LSP",0.272683752026033,1,1
"1429","LSP",0.0296878068389426,1,0
"1430","LSP",0.00104147545926869,1,0
"1431","LSP",0.161696187802772,0,0
"1432","LSP",0.0087867823876151,1,0
"1433","LSP",0.747516291545484,1,1
"1434","LSP",0.213011333480368,1,1
"1435","LSP",0.0461312314298203,1,0
"1436","LSP",0.0672706276243427,1,0
"1437","LSP",0.767445510775054,1,1
"1438","LSP",0.408542916571117,1,1
"1439","LSP",0.0487706778199144,1,0
"1440","LSP",7.0488523416179e-05,1,0
"1441","LSP",0.0128242267466125,1,0
"1442","LSP",0.510122188471469,1,1
"1443","LSP",0.0398943135623717,1,0
"1444","LSP",0.568719911586225,1,1
"1445","LSP",0.29495878613814,1,1
"1446","LSP",0.0771087032810545,1,0
"1447","LSP",0.00335064832974452,1,0
"1448","LSP",0.107776611710925,0,0
"1449","LSP",0.0461175840665906,1,0
"1450","LSP",0.216923796279031,1,1
"1451","LSP",0.0289044825193863,1,0
"1452","LSP",0.28312427363277,1,1
"1453","LSP",1.27419898861139,1,1
"1454","LSP",0.00734725533238567,1,0
"1455","LSP",0.331204718271587,1,1
"1456","LSP",0.0235697136413304,1,0
"1457","LSP",0.0869682104150498,1,0
"1458","LSP",0.618363235948363,0,1
"1459","LSP",0.898245134789743,1,1
"1460","LSP",0.057249783043974,1,0
"1461","LSP",0.0910091020460784,1,1
"1462","LSP",0.308387684870836,1,1
"1463","LSP",0.349872084511251,1,1
"1464","LSP",0.00661640888674975,1,1
"1465","LSP",0.0111909880443959,1,0
"1466","LSP",0.110769142696256,1,0
"1467","LSP",0.739209706904465,1,1
"1468","LSP",0.052625256525004,1,0
"1469","LSP",0.45539131308303,0,1
"1470","LZN",0.0593163005002115,1,0
"1471","LZN",0.0682041780879538,0,0
"1472","LZN",1.99569826732864,1,1
"1473","LZN",1.16873663879929,1,1
"1474","LZN",0.235151068870639,0,0
"1475","LZN",0.0501341289526882,1,1
"1476","LZN",0.327747012769637,1,0
"1477","LZN",0.506546321534197,0,1
"1478","LZN",1.9999995497351,1,1
"1479","LZN",1.02862336613986,1,1
"1480","LZN",1.99999999999995,1,1
"1481","LZN",0.303217318060087,1,0
"1482","LZN",1.94435203627306,1,1
"1483","LZN",0.06119023534141,0,0
"1484","LZN",0.506020011718649,1,0
"1485","LZN",0.197379699095096,0,0
"1486","LZN",0.118819454036056,0,0
"1487","LZN",1.70044163185699,1,1
"1488","LZN",0.487816039555733,0,1
"1489","LZN",1.99989757082406,1,1
"1490","LZN",0.163711413236872,0,0
"1491","LZN",1.34962337816161,0,1
"1492","LZN",0.186150038635586,1,0
"1493","LZN",1.99998958280281,1,1
"1494","LZN",1.54982267075379,0,1
"1495","LZN",1.44682199464524,0,1
"1496","LZN",1.9181891957602,1,1
"1497","LZN",0.0962212949634356,1,0
"1498","LZN",0.805552839933474,0,1
"1499","LZN",0.155943880365508,1,0
"1500","LZN",1.99690915091197,1,1
"1501","LZN",0.309230082325471,1,0
"1502","LZN",1.28291721387887,1,1
"1503","LZN",1.96926950311965,1,1
"1504","LZN",0.213095763277014,0,0
"1505","LZN",0.282151166725158,0,1
"1506","LZN",0.0515280346345195,1,0
"1507","LZN",0.210234015004228,1,0
"1508","LZN",0.128093784699824,1,0
"1509","LZN",1.99999947196887,1,1
"1510","LZN",1.99376960191924,1,1
"1511","LZN",0.15128211954397,0,0
"1512","LZN",1.99331049004704,1,1
"1513","LZN",0.0101898080214591,1,0
"1514","LZN",0.11262606409249,1,0
"1515","LZN",1.4406616110793,1,1
"1516","LZN",0.324535691781118,0,0
"1517","LZN",0.017906606163977,1,0
"1518","LZN",0.904662281399571,1,1
"1519","LZN",0.0229503471475261,1,0
"1520","LZN",1.49088155505325,0,1
"1521","LZN",1.97974999406052,1,1
"1522","LZN",0.27503586698992,0,0
"1523","LZN",1.743030641913,1,1
"1524","LZN",1.04618137310589,0,1
"1525","LZN",1.99999968923911,1,1
"1526","LZN",0.130278470640279,1,0
"1527","LZN",1.22720632838293,1,1
"1528","LZN",0.326318181216879,0,1
"1529","LZN",0.330795513876861,1,0
"1530","LZN",0.476811472104867,1,0
"1531","LZN",1.17194612576577,1,1
"1532","LZN",0.209072274851458,0,1
"1533","LZN",1.99999980205523,1,1
"1534","LZN",1.99999922959267,1,1
"1535","LZN",0.0333595463152434,1,0
"1536","LZN",0.227572224142388,0,0
"1537","LZN",1.41284854770239,0,1
"1538","LZN",0.607723190505259,0,1
"1539","LZN",0.619346899699479,1,1
"1540","LZN",0.170794522334502,1,0
"1541","LZN",1.92474816033517,1,1
"1542","LZN",1.9991880318234,1,1
"1543","LZN",0.309066756662338,1,0
"1544","LZN",0.160819938241279,0,0
"1545","LZN",1.63887246145167,1,1
"1546","LZN",0.435961902076424,1,0
"1547","LZN",0.873703558693589,0,1
"1548","LZN",1.1432897829304,1,1
"1549","LZN",1.11560687379192,0,1
"1550","LZN",1.38440624615047,1,1
"1551","LZN",1.99917841227051,1,1
"1552","LZN",1.97432212258999,1,1
"1553","LZN",0.00200434354895274,1,0
"1554","LZN",0.427173594573579,1,0
"1555","LZN",0.69973214279938,0,1
"1556","LZN",0.357404960163076,0,0
"1557","LZN",1.42617902043137,0,1
"1558","LZN",0.0229781838508163,1,0
"1559","LZN",0.207878909196372,1,0
"1560","MFW",0.0185920770150039,1,0
"1561","MFW",0.0754514044845195,0,0
"1562","MFW",0.305991532586131,0,0
"1563","MFW",0.183617057131826,1,0
"1564","MFW",0.43894401560482,1,1
"1565","MFW",0.196579053297791,1,0
"1566","MFW",0.0161241493672797,1,0
"1567","MFW",0.185672221761475,1,0
"1568","MFW",0.112043508710891,0,0
"1569","MFW",0.722487108440645,0,1
"1570","MFW",0.537205655126203,1,1
"1571","MFW",0.0216825645759209,1,0
"1572","MFW",0.253991711908693,0,0
"1573","MFW",0.06822428443678,1,0
"1574","MFW",0.0672715411100517,1,0
"1575","MFW",0.00177708083890149,1,0
"1576","MFW",0.112928955155456,1,0
"1577","MFW",0.218112134104943,1,1
"1578","MFW",0.0148920837663187,1,0
"1579","MFW",0.0381267501572853,1,1
"1580","MFW",0.943069746449382,0,1
"1581","MFW",0.259380181726931,1,1
"1582","MFW",0.75673230259045,1,1
"1583","MFW",0.0170271618312878,1,0
"1584","MFW",0.0141485512488855,1,0
"1585","MFW",0.263008606429886,0,1
"1586","MFW",0.421689764327913,0,1
"1587","MFW",0.664001343970545,1,1
"1588","MFW",0.736106596109984,1,1
"1589","MFW",0.0150426777087174,1,0
"1590","MFW",0.459873136493698,1,1
"1591","MFW",0.46464204190273,1,1
"1592","MFW",0.076342023330251,1,0
"1593","MFW",0.119656146777284,1,1
"1594","MFW",0.0874509963789727,1,0
"1595","MFW",0.886910981079884,1,1
"1596","MFW",0.365975845214357,1,1
"1597","MFW",0.0131814802774914,1,0
"1598","MFW",0.667091251742551,0,1
"1599","MFW",0.073707516818692,1,0
"1600","MFW",0.0304568190886132,1,0
"1601","MFW",0.93701977420013,1,1
"1602","MFW",0.0520203955253145,1,0
"1603","MFW",0.079399400911204,0,0
"1604","MFW",0.46521270650105,1,1
"1605","MFW",0.00416541027210493,1,0
"1606","MFW",0.0729925849142827,1,0
"1607","MFW",0.253889422491753,1,1
"1608","MFW",0.262856370354086,1,1
"1609","MFW",0.0561485848838101,1,0
"1610","MFW",0.774934178366491,1,1
"1611","MFW",0.0213567294879506,1,0
"1612","MFW",0.820011865380447,1,1
"1613","MFW",0.0495919128480073,1,0
"1614","MFW",0.337860994942783,1,1
"1615","MFW",1.17815771508023,1,1
"1616","MFW",0.387324300833954,1,1
"1617","MFW",0.032631523213834,0,0
"1618","MFW",0.120355232014209,1,0
"1619","MFW",0.066205481586054,1,0
"1620","MFW",0.900133418007216,1,1
"1621","MFW",0.616364230769198,1,1
"1622","MFW",0.188716118457537,1,0
"1623","MFW",1.03600747321707,1,1
"1624","MFW",0.045073609676554,1,0
"1625","MFW",0.0315795327634381,1,0
"1626","MFW",0.0235294492126497,1,0
"1627","MFW",0.0598849512634499,0,0
"1628","MFW",0.103559917597227,1,1
"1629","MFW",0.0175638079322402,1,0
"1630","MFW",0.142965708018511,1,1
"1631","MFW",0.0767015685467745,1,1
"1632","MFW",0.00136009515450852,1,0
"1633","MFW",0.787568560529207,1,1
"1634","OGG",0.101974667345258,1,1
"1635","OGG",0.080770669663867,1,0
"1636","OGG",1.41021728583402,1,1
"1637","OGG",0.240159134223476,1,1
"1638","OGG",0.354390744163534,1,1
"1639","OGG",0.00398605838098565,1,0
"1640","OGG",0.265627132886243,1,1
"1641","OGG",0.88507702560587,0,1
"1642","OGG",0.028136198464755,1,0
"1643","OGG",0.591375306691826,1,1
"1644","OGG",0.0410287452399671,1,0
"1645","OGG",0.0703603000897199,1,0
"1646","OGG",0.00577437858620189,1,1
"1647","OGG",0.182132990177312,1,1
"1648","OGG",0.0121749486865832,1,0
"1649","OGG",0.003763121783664,1,1
"1650","OGG",0.0863690108255653,1,1
"1651","OGG",0.439523395678051,1,1
"1652","OGG",0.112308430863628,1,0
"1653","OGG",0.42540557277105,1,1
"1654","OGG",0.176493000521273,0,0
"1655","OGG",0.988230945509856,1,1
"1656","OGG",0.107214926203756,1,1
"1657","OGG",0.681209488508346,1,1
"1658","OGG",1.01881411911241,1,1
"1659","OGG",0.0123909816906291,1,0
"1660","OGG",1.16697107114084,1,1
"1661","OGG",0.072224532591628,1,0
"1662","OGG",0.00800997772961809,1,0
"1663","OGG",0.448141041728266,1,1
"1664","OGG",0.113192058018462,1,1
"1665","OGG",0.0499264874832266,1,0
"1666","OGG",0.60687697411615,1,1
"1667","OGG",0.300239433146139,1,1
"1668","OGG",0.525914422390403,1,1
"1669","OGG",0.0026900725560226,1,0
"1670","OGG",0.0768305995623262,1,0
"1671","OGG",0.00558716719703156,1,0
"1672","OGG",0.00201858938398436,1,0
"1673","OGG",0.00983130754714656,1,1
"1674","OGG",0.129550617407816,1,0
"1675","OGG",0.164383622964994,1,0
"1676","OGG",0.0399063529685542,1,0
"1677","OGG",0.0556359052804325,1,0
"1678","OGG",0.01605789684926,1,0
"1679","OGG",0.00798073437798696,1,0
"1680","OGG",0.0355239405950103,1,0
"1681","OGG",0.380700483319462,1,1
"1682","OGG",0.0429568456102034,1,0
"1683","OGG",0.0232690240260554,1,0
"1684","OGG",0.0422067224695026,1,0
"1685","OGG",0.512344053137214,1,1
"1686","OGG",0.0184830780867506,1,1
"1687","OGG",0.16587235950969,1,0
"1688","OGG",0.513331237903848,1,1
"1689","OGG",0.756534300853913,1,1
"1690","OGG",0.0692407439919374,1,0
"1691","OGG",0.00145863917101208,1,0
"1692","OGG",0.00794100137009379,1,0
"1693","OGG",0.365883854870337,1,1
"1694","OGG",0.296398998541059,1,1
"1695","OGG",0.0163657097929624,1,1
"1696","OGG",0.0179153566143111,1,1
"1697","OGG",0.0106354190705955,1,0
"1698","OGG",0.020908000029078,1,0
"1699","OGG",0.11708333110437,1,1
"1700","OGG",0.0169091578103857,1,0
"1701","OGG",0.0233194385216571,1,1
"1702","OGG",0.00828523218842259,1,1
"1703","OGG",0.935331979470129,1,1
"1704","OGG",0.0687016426466494,1,0
"1705","OGG",0.063939553875819,1,0
"1706","OGG",0.0412107789433791,1,1
"1707","OGG",0.384053669487215,1,1
"1708","OGG",0.491700461564929,1,1
"1709","OGG",0.0840089576310994,1,0
"1710","OGG",0.036898717442416,1,0
"1711","OGG",0.0452284807130219,1,0
"1712","OGG",0.0983921896611881,1,0
"1713","OGG",1.1626422683255,1,1
"1714","OGG",0.0234955124178193,1,0
"1715","OGG",0.106896567392067,0,0
"1716","OGG",0.173682639580185,1,1
"1717","OGG",0.13334099357195,1,1
"1718","OGG",0.879278335396823,1,1
"1719","OGG",0.025635226569557,1,0
"1720","OGG",0.816233521791714,1,1
"1721","OGG",0.00502277177778243,1,0
"1722","OGG",0.126253034944357,1,1
"1723","OGG",0.0490021985443909,1,0
"1724","OGG",0.0414835302210215,1,0
"1725","OGG",0.409835819335052,1,1
"1726","OGG",0.178921500564252,1,0
"1727","OGG",0.053425944182381,1,0
"1728","OGG",0.390192798973735,1,1
"1729","RNS",1.99999155614376,1,1
"1730","RNS",0.10837164139737,1,0
"1731","RNS",1.94391516707604,1,1
"1732","RNS",1.99999788385831,1,1
"1733","RNS",0.71875083864463,0,1
"1734","RNS",1.9791085762302,1,1
"1735","RNS",0.0971978147303145,1,0
"1736","RNS",0.940282391856209,0,1
"1737","RNS",0.21447674880182,1,0
"1738","RNS",0.0225759274930613,1,0
"1739","RNS",0.0653441239927754,1,0
"1740","RNS",1.95351765856401,1,1
"1741","RNS",0.0298596705165413,1,0
"1742","RNS",0.0807307197688032,0,0
"1743","RNS",0.270534634238685,1,0
"1744","RNS",0.0173192439010754,1,1
"1745","RNS",0.273932226978052,1,0
"1746","RNS",1.28594364578941,1,1
"1747","RNS",0.0485435598673007,0,0
"1748","RNS",0.0589027086641857,0,0
"1749","RNS",0.335064153510486,1,0
"1750","RNS",1.99927279059779,1,1
"1751","RNS",0.0149903708025791,1,0
"1752","RNS",0.107454459053262,1,0
"1753","RNS",0.190366598745597,1,0
"1754","RNS",1.42300386089759,0,1
"1755","RNS",0.956292654196115,0,1
"1756","RNS",0.0344087079747517,1,0
"1757","RNS",1.90294515776213,1,1
"1758","RNS",0.0635312219187996,1,0
"1759","RNS",0.867189951086104,1,1
"1760","RNS",1.90204240429424,1,1
"1761","RNS",0.214772454355515,0,0
"1762","RNS",0.11977269142152,1,0
"1763","RNS",0.41536419770615,0,0
"1764","RNS",0.101853825235953,1,0
"1765","RNS",0.0831420291569958,1,0
"1766","RNS",0.127316034178683,0,0
"1767","RNS",0.14739861126627,0,0
"1768","RNS",1.91479195598254,1,1
"1769","RNS",0.572676492068276,0,1
"1770","RNS",0.724241582631022,0,1
"1771","RNS",0.0224890296801939,0,0
"1772","RNS",0.132495585428711,0,0
"1773","RNS",1.67697842238445,0,1
"1774","RNS",0.226047733147777,0,1
"1775","RNS",0.306303473138776,1,0
"1776","RNS",0.273794123926274,1,0
"1777","RNS",0.204792569928546,0,0
"1778","RNS",1.079713156613,0,1
"1779","RNS",0.231209873921106,0,0
"1780","RNS",1.70827528871044,0,1
"1781","RNS",0.0521101261709366,0,0
"1782","RNS",0.63790786765759,0,1
"1783","RNS",1.48851879666501,0,1
"1784","RNS",0.0453003987707965,1,0
"1785","RNS",1.56414367120135,0,1
"1786","RNS",1.99999064758959,1,1
"1787","RNS",1.99725824018593,1,1
"1788","RNS",0.0525148861741033,0,0
"1789","RNS",1.99753341221572,1,1
"1790","RNS",0.0878742025963561,0,0
"1791","RNS",1.9998232401898,1,1
"1792","RNS",1.04463089282778,0,1
"1793","RNS",0.0111169750771456,1,0
"1794","RNS",1.40386433592664,0,1
"1795","RNS",1.99999999993966,1,1
"1796","RNS",0.330681510182163,1,0
"1797","RNS",1.01615842909055,0,1
"1798","RNS",0.00901189132242686,1,0
"1799","RNS",0.504096730467799,0,1
"1800","RNS",1.7134070391269,1,1
"1801","RNS",0.149926451266744,0,0
"1802","RNS",1.99999761521607,1,1
"1803","RNS",0.606457883689778,0,1
"1804","RNS",1.86761712166339,1,1
"1805","RNS",0.00387204001884633,1,0
"1806","RNS",1.99999883035928,1,1
"1807","RNS",0.859174056444904,1,1
"1808","RNS",1.96671930875534,1,1
"1809","RNS",1.95866325440911,1,1
"1810","RNS",1.10368463922851,1,1
"1811","RNS",0.333474034078892,1,0
"1812","RNS",0.00914954319340522,1,0
"1813","RNS",0.00556536464150414,1,0
"1814","RNS",1.44491042363411,0,1
"1815","SN",0.0253535111048513,1,0
"1816","SN",0.00702788347282102,1,0
"1817","SN",0.0471630593516736,1,0
"1818","SN",0.0374280124779833,1,0
"1819","SN",0.490602181911739,1,1
"1820","SN",0.0424005146898898,1,0
"1821","SN",0.273583238078464,1,1
"1822","SN",0.33145527059788,1,1
"1823","SN",0.011238816873292,1,1
"1824","SN",0.0249768641963712,1,1
"1825","SN",0.0341993580573889,1,1
"1826","SN",0.477425176349019,1,1
"1827","SN",0.0096492913741153,1,0
"1828","SN",0.33164936766473,1,1
"1829","SN",0.581974150943207,1,1
"1830","SN",0.00212617703407192,1,0
"1831","SN",0.0263566164634559,1,0
"1832","SN",0.01074402233212,1,0
"1833","SN",0.00419633323985247,1,0
"1834","SN",0.565328497044549,1,1
"1835","SN",0.213063934144367,1,1
"1836","SN",0.116576344887222,1,1
"1837","SN",0.297626146156087,1,1
"1838","SN",0.23282529344397,1,1
"1839","SN",0.145088849680501,1,1
"1840","SN",0.00649256768083362,1,0
"1841","SN",0.0402406395753012,1,0
"1842","SN",0.0588726334675538,1,0
"1843","SN",0.0287039448661002,1,0
"1844","SN",0.0022160947023866,1,0
"1845","SN",0.0019253502539105,1,1
"1846","SN",0.01499749401377,1,0
"1847","SN",0.0777771002025587,1,1
"1848","SN",0.00791115193589453,1,1
"1849","SN",0.00317643761648734,1,0
"1850","SN",0.225458849880281,1,1
"1851","SN",0.0185051141158976,1,0
"1852","SN",0.140664122228504,1,1
"1853","SN",0.0317298232524914,1,0
"1854","SN",0.0364723634910094,1,0
"1855","SN",0.00835643835555633,1,0
"1856","SN",0.127539340733719,1,1
"1857","SN",0.0746426111694976,1,0
"1858","SN",0.189098658757696,1,1
"1859","SN",0.00208769756292382,1,0
"1860","SN",0.20866362028617,1,1
"1861","SN",0.194451402313238,1,1
"1862","SN",0.00887677225032069,1,0
"1863","SN",0.181067913157006,1,0
"1864","SN",0.0767094008998648,1,1
"1865","SN",0.0462771145661642,1,0
"1866","SN",0.769031364086114,1,1
"1867","SN",0.0304556996200132,1,0
"1868","SN",0.0919794310622384,1,0
"1869","SN",0.00544423888570655,1,1
"1870","SN",0.0738577632407695,1,1
"1871","SN",0.0214222736675025,1,0
"1872","SN",0.560480315222986,1,1
"1873","SN",0.531246130095046,1,1
"1874","SN",0.00471600295262853,1,0
"1875","SN",0.0267794036340312,1,0
"1876","SN",0.14121730048486,1,1
"1877","SN",0.0475471357312172,1,0
"1878","SN",0.173480754785283,1,1
"1879","SN",0.0793928251711455,1,0
"1880","SN",0.590389220303045,1,1
"1881","SN",0.0387776572452827,1,0
"1882","SN",0.0388585676232207,1,0
"1883","SN",0.657124494341536,1,1
"1884","SN",0.00674519732174428,1,0
"1885","SN",0.000103537591390257,1,0
"1886","SN",0.00412941614935769,1,0
"1887","SN",0.111063046040185,1,1
"1888","SN",0.062782843791827,1,0
"1889","SN",0.0701202008580157,1,1
"1890","SN",0.00592011452761088,1,0
"1891","SN",0.0582569764085843,1,0
"1892","SN",0.0338547472930228,1,1
"1893","SN",0.0235542253186722,1,1
"1894","SN",0.0854144925888896,1,0
"1895","SN",0.080918102966443,1,1
"1896","SN",0.029572606152011,1,0
"1897","SN",0.0490704023112665,1,0
"1898","SN",0.134922071535143,1,1
"1899","SN",0.172798879804174,1,1
"1900","SN",0.0273454250129905,1,0
"1901","SX",0.724949296507762,1,1
"1902","SX",0.603356378274384,0,1
"1903","SX",0.00872463112659272,1,0
"1904","SX",0.0334743955469101,1,0
"1905","SX",0.0685399503351982,1,0
"1906","SX",0.389514921300523,1,1
"1907","SX",0.122513007979643,1,1
"1908","SX",0.0307625109775089,1,1
"1909","SX",0.0220748525553351,1,0
"1910","SX",0.108732702537462,1,0
"1911","SX",0.0789398440702933,1,0
"1912","SX",0.0497043918144182,1,0
"1913","SX",0.533318438179343,1,1
"1914","SX",0.140040644342918,1,0
"1915","SX",0.132690955887145,1,0
"1916","SX",0.134160429424149,1,0
"1917","SX",0.0959532730813815,1,0
"1918","SX",0.65091701571961,1,1
"1919","SX",0.14623840279025,0,0
"1920","SX",0.226338310854254,1,1
"1921","SX",0.0894070473766941,1,0
"1922","SX",0.065976631322112,1,1
"1923","SX",0.0843295753578612,1,0
"1924","SX",0.712149750212571,1,1
"1925","SX",0.0726018852301775,1,0
"1926","SX",0.753119999943367,0,1
"1927","SX",0.000522783815588346,1,0
"1928","SX",0.385300946149293,1,1
"1929","SX",0.437408903773477,1,1
"1930","SX",0.00936675545448296,1,0
"1931","SX",0.65207872689892,0,1
"1932","SX",0.197466466999024,1,1
"1933","SX",0.0161922107129748,1,0
"1934","SX",0.523606555464176,1,1
"1935","SX",0.661529550489554,1,1
"1936","SX",0.56694699757673,0,1
"1937","SX",0.0686929695146832,1,1
"1938","SX",0.111411528863246,1,0
"1939","SX",0.0538195302845155,1,0
"1940","SX",0.0162494287858244,1,0
"1941","SX",0.00465033011753091,1,0
"1942","SX",0.135574106822891,1,1
"1943","SX",0.0583656761399531,1,0
"1944","SX",1.20784003009772,1,1
"1945","SX",0.808423705064598,1,1
"1946","SX",0.0466247232587589,1,0
"1947","SX",0.0203665146611407,1,1
"1948","SX",0.110733793447265,1,0
"1949","SX",0.195388302049734,1,0
"1950","SX",0.0186701783422565,1,1
"1951","SX",0.0339473180307031,1,0
"1952","SX",0.40159727231947,1,1
"1953","SX",1.06743977951082,1,1
"1954","SX",1.24623746380565,1,1
"1955","SX",0.101959378988959,1,1
"1956","SX",0.0313747164027973,1,0
"1957","SX",0.0332271662434436,1,0
"1958","SX",0.0943130289189102,1,0
"1959","SX",0.450294965125095,0,1
"1960","SX",0.0841234013675154,1,0
"1961","SX",0.712330433050798,1,1
"1962","SX",0.1081848485407,1,0
"1963","SX",0.0172787225931226,1,0
"1964","SX",0.0111741538290111,1,0
"1965","SX",0.156255385628356,1,0
"1966","SX",1.05940492040057,1,1
"1967","SX",0.948437690799748,1,1
"1968","SX",0.00502446303243564,1,1
"1969","SX",0.0347230817991362,1,0
"1970","SX",0.0163774042707165,1,0
"1971","SX",0.021407766306498,1,0
"1972","SX",0.554913024545708,0,1
"1973","SX",0.246701035720658,1,0
"1974","SX",1.40745228426648,1,1
"1975","SX",0.0456568250426086,1,0
"1976","SX",0.0468370931260935,0,0
"1977","SX",1.17610978314835,1,1
"1978","SX",0.645842275463395,1,1
"1979","SX",0.86732947191075,1,1
"1980","SX",0.0356658648670036,1,0
"1981","SX",0.00831694805487815,1,0
"1982","SX",0.0250549568818283,1,0
"1983","SX",0.0143849592567624,1,0
"1984","TITI",1.68839220325801,1,1
"1985","TITI",0.0894865016595374,1,0
"1986","TITI",0.0142970351565763,1,0
"1987","TITI",0.944673741964496,0,1
"1988","TITI",0.109081510500143,1,0
"1989","TITI",0.0499534088467355,1,0
"1990","TITI",0.0898651448288705,1,0
"1991","TITI",0.0683773417610267,1,1
"1992","TITI",0.000508821997073028,1,0
"1993","TITI",0.0213335164453534,1,0
"1994","TITI",0.120558313317203,1,1
"1995","TITI",0.0444188657880449,1,0
"1996","TITI",0.0943123895303315,1,0
"1997","TITI",0.0664428574412343,1,0
"1998","TITI",0.0607202207504007,0,0
"1999","TITI",0.177952532656469,1,1
"2000","TITI",0.140720992245233,1,0
"2001","TITI",0.02096804570738,1,0
"2002","TITI",0.104669998838872,1,0
"2003","TITI",0.261158592750909,1,1
"2004","TITI",0.109566146195671,1,1
"2005","TITI",0.147019092784713,1,0
"2006","TITI",0.0342107261905205,1,0
"2007","TITI",0.476046118254366,0,0
"2008","TITI",0.296698596293132,1,1
"2009","TITI",0.129180397551796,1,0
"2010","TITI",0.948112018248449,1,1
"2011","TITI",0.0108283275118359,1,0
"2012","TITI",0.149815175970851,1,1
"2013","TITI",0.0891823160471401,1,0
"2014","TITI",0.227736976732363,1,1
"2015","TITI",0.604950186375508,0,1
"2016","TITI",0.056428553899563,1,0
"2017","TITI",1.8006999114225,1,1
"2018","TITI",0.0962243056412648,1,0
"2019","TITI",0.133652785114957,1,0
"2020","TITI",1.22756791692261,1,1
"2021","TITI",1.21242818385096,1,1
"2022","TITI",0.215994598526787,1,0
"2023","TITI",0.133944352996847,1,0
"2024","TITI",0.870957949189416,0,1
"2025","TITI",0.0655806459417148,1,0
"2026","TITI",0.134600082300108,1,0
"2027","TITI",0.829169930453103,1,1
"2028","TITI",0.0402409125559171,1,0
"2029","TITI",0.125984065376159,1,1
"2030","TITI",0.123321113781125,1,0
"2031","TITI",0.703178039542447,0,1
"2032","TITI",0.0291412414472207,1,0
"2033","TITI",1.59856653153535,1,1
"2034","TITI",0.507897014684619,1,1
"2035","TITI",0.201351109715055,1,0
"2036","TITI",1.04403457803208,0,1
"2037","TITI",0.69545311826319,1,1
"2038","TITI",0.0646297657343604,1,0
"2039","TITI",0.0177791119340474,1,1
"2040","TITI",0.520751031309323,1,1
"2041","TITI",0.00948060194459988,1,0
"2042","TITI",1.15415328830099,1,1
"2043","TITI",0.0965979128798981,0,0
"2044","TITI",0.00399968422371355,1,0
"2045","TITI",0.12287762030259,0,0
"2046","TITI",0.155871909195227,1,1
"2047","TITI",0.125635238792604,1,1
"2048","TITI",0.857661801439883,1,1
"2049","TITI",0.0501005965409762,1,0
"2050","TITI",0.0415301549106823,1,0
"2051","TITI",0.95289603692893,1,1
"2052","TITI",0.00747109586802241,1,0
"2053","TITI",0.700881343339011,1,1
"2054","TITI",0.591439493601169,0,1
"2055","TITI",0.143706104614327,1,1
"2056","TITI",0.706818706525554,1,1
"2057","TITI",0.415892509372501,0,1
"2058","TITI",1.76394036632703,1,1
"2059","TITI",0.0571346086242985,1,0
"2060","TITI",0.566947409476696,0,1
"2061","TITI",0.0259572665496941,1,0
"2062","TITI",0.640007202204699,1,1
"2063","TITI",0.249587901299104,0,1
"2064","TITI",1.37993317834138,0,1
"2065","TITI",1.79815868082842,1,1
"2066","TITI",0.674232033796077,1,1
"2067","TITI",0.352327332026564,0,1
"2068","TITI",1.26062556312701,1,1
"2069","TITI",0.0124660352291492,1,0
"2070","TITI",0.0305540398176296,1,0
"2071","TITI",0.789053556545898,1,1
"2072","TITI",0.673971848160768,1,1
"2073","TITI",0.0308688727706414,1,0
"2074","TITI",0.593927450123705,0,1
"2075","WB0",0.732306572548294,1,1
"2076","WB0",0.0324998369351455,1,0
"2077","WB0",0.12625388998025,1,0
"2078","WB0",0.961510577217587,1,1
"2079","WB0",0.27661034471958,1,1
"2080","WB0",0.0767307053695243,1,0
"2081","WB0",0.0781066191233841,1,0
"2082","WB0",0.320951972030305,1,1
"2083","WB0",0.158431209858819,1,1
"2084","WB0",0.067674886388254,0,0
"2085","WB0",0.133580193344023,1,1
"2086","WB0",0.0305980753720043,1,0
"2087","WB0",0.0801036012811644,1,0
"2088","WB0",0.83457920459332,1,1
"2089","WB0",0.0462166832757052,1,0
"2090","WB0",0.44059178508785,1,1
"2091","WB0",0.14051401565413,1,1
"2092","WB0",0.0254150558224058,1,0
"2093","WB0",0.00568123636918805,1,0
"2094","WB0",0.170149420613861,1,0
"2095","WB0",0.650303713565058,1,1
"2096","WB0",0.0244506765102444,1,0
"2097","WB0",0.69678829958843,1,1
"2098","WB0",0.0119412927110967,1,0
"2099","WB0",0.607828424385984,1,1
"2100","WB0",0.0666856016648414,1,0
"2101","WB0",0.00909454458126557,1,0
"2102","WB0",0.114546357720702,1,0
"2103","WB0",0.847413850917569,1,1
"2104","WB0",0.723488294172862,1,1
"2105","WB0",0.0832403224491116,0,0
"2106","WB0",0.244035189516203,1,1
"2107","WB0",0.0684311571236025,1,0
"2108","WB0",0.0929646738792416,1,0
"2109","WB0",0.0925164483434663,0,0
"2110","WB0",0.0962096448852255,0,0
"2111","WB0",0.0812086142402777,1,0
"2112","WB0",0.0365533049738054,1,1
"2113","WB0",0.0792066085310821,1,0
"2114","WB0",0.0228548837834324,1,1
"2115","WB0",0.425788818921764,1,1
"2116","WB0",0.303785770771485,1,0
"2117","WB0",0.200354025168013,1,1
"2118","WB0",0.176016381385001,1,0
"2119","WB0",0.00455309637804246,1,0
"2120","WB0",0.0773522219791892,0,0
"2121","WB0",0.0176820825413349,1,0
"2122","WB0",0.168189278909132,1,1
"2123","WB0",0.0764009458648574,0,0
"2124","WB0",0.0247801004808827,1,0
"2125","WB0",0.00519343518824389,1,0
"2126","WB0",0.503791973122135,0,1
"2127","WB0",0.167027804312601,1,1
"2128","WB0",0.081742002502952,1,0
"2129","WB0",0.0482202315452662,1,0
"2130","WB0",0.124309813050458,1,1
"2131","WB0",0.0682184984882002,1,1
"2132","WB0",0.377179101217639,1,1
"2133","WB0",0.0262505161389082,1,0
"2134","WB0",0.314643916780176,1,1
"2135","WB0",0.0615709132433608,1,0
"2136","WB0",0.0132542565602793,1,0
"2137","WB0",0.0942996128949061,1,0
"2138","WB0",0.0353799194155497,1,1
"2139","WB0",0.148136053432698,1,1
"2140","WB0",0.0622718464694134,1,0
"2141","WB0",0.149464764513656,0,0
"2142","WB0",0.0164600479128818,1,1
"2143","WB0",0.526196564636233,1,1
"2144","WB0",0.803141824447154,0,1
"2145","WB0",1.06082580839172,1,1
"2146","WB0",1.27808005361612,1,1
"2147","WB0",1.51589789884194,1,1
"2148","WB0",0.783155114181786,1,1
"2149","YQM",0.0168660034899979,1,0
"2150","YQM",0.0492350851268113,1,0
"2151","YQM",0.199463797806546,1,1
"2152","YQM",0.03479685093376,1,0
"2153","YQM",0.118851875736545,1,0
"2154","YQM",0.0287513128578385,1,0
"2155","YQM",0.0298282718033709,1,0
"2156","YQM",0.0783473225904621,1,0
"2157","YQM",0.105028478745231,1,1
"2158","YQM",0.329009256748995,1,1
"2159","YQM",0.0775492191477358,1,1
"2160","YQM",0.00122184397811864,1,1
"2161","YQM",0.0154104499021264,1,0
"2162","YQM",0.00966241302659099,1,0
"2163","YQM",0.069436593280622,1,1
"2164","YQM",0.223458296470904,1,1
"2165","YQM",0.0175049584385298,1,0
"2166","YQM",0.00421951808778775,1,1
"2167","YQM",0.112490207238085,1,1
"2168","YQM",0.00523327520824712,1,0
"2169","YQM",0.196457841761615,1,1
"2170","YQM",0.0355964255871695,1,1
"2171","YQM",0.0596278592491404,1,0
"2172","YQM",0.0222610194333845,1,0
"2173","YQM",0.016246872689035,1,0
"2174","YQM",0.153975906137627,1,1
"2175","YQM",0.00624873309485285,1,0
"2176","YQM",0.03752065899216,1,1
"2177","YQM",0.00302196166227064,1,1
"2178","YQM",0.0533081613331021,1,0
"2179","YQM",0.0351129905143757,1,0
"2180","YQM",0.0305880952247326,1,0
"2181","YQM",0.171681005214424,1,1
"2182","YQM",0.0167034766492038,1,0
"2183","YQM",0.126375667052106,1,0
"2184","YQM",0.222169316250039,1,1
"2185","YQM",0.0485685026645009,1,0
"2186","YQM",0.134244437326136,1,1
"2187","YQM",0.027101749281558,1,1
"2188","YQM",0.0163164332468906,1,1
"2189","YQM",0.0290513292355927,1,0
"2190","YQM",0.00961609244546802,1,1
"2191","YQM",0.0106619703260888,1,0
"2192","YQM",0.307249851267956,0,1
"2193","YQM",0.00925244096633726,1,0
"2194","YQM",0.0203665377559079,1,0
"2195","YQM",0.41360362685704,1,1
"2196","YQM",0.308377113939928,1,1
"2197","YQM",0.0216046926268794,1,0
"2198","YQM",0.0197775280066466,1,0
"2199","YQM",0.0166595261889426,1,0
"2200","YQM",0.0265436976967346,1,0
"2201","YQM",0.23996423973805,1,1
"2202","YQM",0.0066961948040194,1,0
"2203","YQM",0.017221961841817,1,0
"2204","YQM",0.0187058956683608,1,0
"2205","YQM",0.327036651263022,1,1
"2206","YQM",0.0115043028890529,1,0
"2207","YQM",0.0654033676554657,1,0
"2208","YQM",0.0135303050858337,1,0
"2209","YQM",0.0112986389297467,1,0
"2210","YQM",0.0895910948121772,1,0
"2211","YQM",0.00271641225503227,1,0
"2212","YQM",0.0103671118305684,1,0
"2213","YQM",0.0177397355427675,1,0
"2214","YQM",0.145278911532471,1,1
"2215","YQM",0.187490359823388,1,1
"2216","YQM",0.0381820547016247,1,0
"2217","YQM",0.235979731008411,1,1
"2218","YQM",0.0899642403490073,1,0
"2219","YQM",0.00261268420490279,1,0
"2220","YQM",0.0499907336024967,1,0
"2221","YQM",0.00464617885645247,1,0
"2222","YQM",0.0589816284832669,1,0
"2223","YQM",0.00266188998589167,1,0
"2224","YQM",0.00382001885447703,1,0
"2225","YQM",0.0797571191100974,1,1
"2226","YQM",0.0664161449706495,1,1
"2227","YQM",0.0158156104607665,1,0
"2228","YQM",0.00773068505082897,1,0
"2229","YQM",0.0117422371991818,1,0
"2230","YQM",0.017628377982704,1,0
"2231","YQM",0.128121469953807,1,1
"2232","YQM",0.0291998678910981,1,0
"2233","YQM",0.494189581551278,1,1
"2234","YQM",0.353449821091254,1,1
"2235","YQM",0.00415154829550768,1,1
"2236","YQM",0.230325201214358,1,1
"2237","YQM",0.476096415268913,1,1
"2238","YQM",0.00182952199342012,1,0
"2239","YQM",0.00595400021476755,1,0
"2240","YQM",0.0134434445051417,1,0
"2241","YQM",0.506188619759878,1,1
"2242","Z9D",0.45957273305302,1,1
"2243","Z9D",0.806722940790281,1,1
"2244","Z9D",0.0553090571142725,1,0
"2245","Z9D",0.710382716821972,1,1
"2246","Z9D",0.397571982543478,1,1
"2247","Z9D",0.96840687599826,1,1
"2248","Z9D",0.0594513966896506,1,1
"2249","Z9D",0.0486575289585716,1,0
"2250","Z9D",0.0667357683632233,1,0
"2251","Z9D",0.783251434525924,1,1
"2252","Z9D",0.738872246697445,1,1
"2253","Z9D",0.0374227349069924,1,0
"2254","Z9D",0.304457613996295,1,1
"2255","Z9D",0.00144761657597758,1,0
"2256","Z9D",0.0279626636689543,1,0
"2257","Z9D",0.154366928950204,1,1
"2258","Z9D",0.0122304053326014,1,0
"2259","Z9D",1.22558445072101,1,1
"2260","Z9D",0.0958686827767179,1,0
"2261","Z9D",0.220283343737804,1,1
"2262","Z9D",0.230433535522884,1,1
"2263","Z9D",0.0412595704644929,1,0
"2264","Z9D",0.0515979431624991,1,0
"2265","Z9D",0.0161232971873744,1,1
"2266","Z9D",0.0916528934849192,1,0
"2267","Z9D",0.212575756021806,1,1
"2268","Z9D",0.125759111896515,1,0
"2269","Z9D",0.492339408105734,1,1
"2270","Z9D",1.0907167806474,1,1
"2271","Z9D",0.143504716032057,1,0
"2272","Z9D",0.0451702927709448,1,0
"2273","Z9D",0.364800077943737,1,1
"2274","Z9D",0.0913503219881997,1,0
"2275","Z9D",0.0749181215642778,1,1
"2276","Z9D",0.0616692137087673,1,0
"2277","Z9D",0.107502825354987,1,0
"2278","Z9D",0.603717838725234,1,1
"2279","Z9D",0.0963538008513223,1,0
"2280","Z9D",0.00128509879749394,1,0
"2281","Z9D",0.0115977219806997,1,0
"2282","Z9D",0.00326252619617073,1,0
"2283","Z9D",0.0129511750434179,1,0
"2284","Z9D",0.0908378065805024,1,0
"2285","Z9D",0.506363024843141,1,1
"2286","Z9D",0.0012107058413906,1,0
"2287","Z9D",0.599550649025256,1,1
"2288","Z9D",0.889142089430686,1,1
"2289","Z9D",0.498350298773074,1,1
"2290","Z9D",0.0685498890098519,1,1
"2291","Z9D",0.00944270579298134,1,0
"2292","Z9D",0.0309153772360173,1,0
"2293","Z9D",0.360255141522682,1,1
"2294","Z9D",0.0856138568974008,1,0
"2295","Z9D",0.288279850127476,1,1
"2296","Z9D",0.104892244738855,1,0
"2297","Z9D",0.00345993017900481,1,0
"2298","Z9D",0.110211750756063,1,1
"2299","Z9D",0.0139674466623929,1,0
"2300","Z9D",0.0120220049472251,1,0
"2301","Z9D",0.0714240321396225,1,1
"2302","Z9D",0.1128009740155,1,0
"2303","Z9D",0.00286024598601919,1,0
"2304","Z9D",0.0155503987394883,1,0
"2305","Z9D",0.516958947941785,1,1
